24.9,8.33
58.93,97.83
28.62,10.9
47.05,50.26
50.88,76.77
48.87,51.14
28.2,10.9
24.71,7.32
55.88,95.32
52.9,79.23
22.04,6.4
20.6,5.35
56.64,108.33
18.86,1.46
57.04,92.09
28.57,11.04
40.01,43.65
47.25,53.71
17.09,3.33
24.13,7.56
46.72,50.24
51.32,69.23
20.77,5.06
26.11,9.3
43.15,40.23
26.98,8.64
46.45,57.74
26.03,8.59
20.58,5.65
56.73,104.42
43.92,43.31
48.91,51.48
50.77,71.1
53.21,73.42
22.66,6.56
22.81,6.48
22.21,6.96
24.18,7.7
28.44,10.45
53.76,79.5
20.17,5.96
51.27,78.25
40.1,41.29
41.88,38.25
17.98,3.14
52.63,77.09
41.25,41.95
43.11,42.63
20.99,5.69
43.45,39.61
28.44,10.85
20.05,5.21
46.48,52.67
55.95,104.0
50.26,75.41
48.8,54.45
26.59,9.38
22.79,6.69
26.95,9.73
20.71,5.67
24.23,8.41
22.99,6.37
52.53,70.46
28.45,11.07
55.27,100.08
41.94,41.31
51.6,80.88
17.59,4.54
17.57,4.79
42.38,41.61
26.07,8.72
22.34,6.48
17.29,3.57
40.02,40.66
48.77,51.92
26.02,9.24
41.87,38.3
26.41,9.52
41.26,45.02
46.2,51.8
52.49,75.82
18.9,4.74
53.59,77.54
22.67,6.38
22.22,6.96
28.19,10.51
20.91,5.44
24.27,7.1
28.54,10.37
57.5,92.01
41.07,39.23
22.43,6.77
28.82,10.22
26.21,8.89
22.68,6.34
22.48,6.9
26.36,9.21
56.63,96.84
48.31,58.88
47.65,53.36
28.87,11.28
22.31,6.32
28.34,10.08
43.2,44.41
57.22,97.97
24.97,8.47
18.9,2.21
24.03,8.31
48.22,57.52
26.67,9.68
56.49,102.34
28.75,11.48
57.99,102.29
24.49,7.05
18.22,4.06
24.08,8.06
20.95,5.31
24.8,7.45
22.95,6.84
22.52,6.85
52.83,78.79
26.5,9.03
47.0,54.08
24.42,7.79
45.17,54.44
20.65,5.51
53.23,75.82
40.49,41.54
51.22,75.28
57.97,103.03
40.2,38.8
24.31,7.18
20.89,5.37
20.95,5.49
28.51,10.63
24.53,7.43
51.18,70.88
47.09,52.06
18.8,4.6
17.65,1.42
41.86,43.4
42.12,37.94
26.35,9.9
17.58,3.25
22.61,6.74
26.96,9.49
18.64,1.81
20.32,5.74
24.92,7.07
42.18,43.08
24.32,7.31
47.76,51.88
42.21,37.45
43.78,44.21
48.29,50.74
28.01,10.37
28.43,11.47
58.23,97.9
20.2,5.05
28.25,11.26
40.37,38.54
58.48,94.2
40.0,44.5
20.43,5.34
53.09,76.18
20.93,5.72
22.37,6.24
26.08,8.74
53.8,77.19
24.42,8.18
26.56,8.88
20.94,5.14
20.19,5.31
26.92,9.08
28.69,11.02
26.37,9.22
47.94,57.85
28.77,10.61
26.49,8.79
22.3,6.4
58.13,108.07
26.79,9.34
17.47,1.04
28.24,11.41
24.3,7.57
22.93,6.7
20.51,5.88
28.21,10.01
26.77,8.94
26.75,9.3
20.06,5.62
26.32,9.32
20.62,5.73
18.52,1.4
24.62,8.08
24.22,8.26
42.63,42.46
55.86,93.02
42.73,38.48
24.09,8.31
46.12,56.76
22.74,6.59
51.18,76.79
22.6,6.17
26.75,9.68
48.9,57.42
17.53,2.74
40.9,41.78
28.12,11.05
40.69,38.98
18.09,4.42
50.95,67.98
57.87,98.02
58.31,93.09
17.33,4.1
57.65,98.82
42.75,42.55
17.75,4.19
50.25,75.42
46.78,53.14
45.97,54.12
55.6,100.45
17.91,1.76
28.96,11.27
20.13,5.24
28.76,11.06
48.43,53.35
51.04,76.06
17.51,1.01
47.22,56.34
50.32,77.29
40.43,43.87
45.9,53.19
28.82,10.45
56.76,101.18
24.71,8.14
28.38,10.08
20.72,5.36
46.16,55.19
20.65,5.6
18.14,1.94
53.47,76.96
55.53,94.25
24.29,7.74
42.73,43.09
24.6,8.33
28.45,10.51
26.48,8.64
28.71,11.4
26.61,9.05
22.74,6.9
22.03,6.64
28.34,11.36
20.21,5.85
20.21,5.17
24.84,7.32
24.59,7.31
57.21,106.25
43.98,40.09
26.03,8.65
20.06,5.59
57.34,102.04
57.11,95.77
26.91,9.75
40.92,40.37
18.45,3.27
48.3,56.49
58.39,103.42
43.73,38.53
18.78,1.05
18.64,4.87
24.37,7.53
17.23,2.33
55.16,107.09
28.66,11.44
50.97,80.79
57.66,95.16
57.95,107.3
28.51,11.26
24.32,8.4
41.7,44.15
46.93,49.11
41.81,42.7
45.37,58.02
18.29,1.26
24.06,8.42
48.05,53.1
42.92,38.11
22.4,6.78
46.71,58.89
58.81,99.55
55.82,100.33
45.95,50.73
46.96,59.03
51.82,80.6
48.76,55.3
50.0,80.07
55.02,104.46
28.06,11.28
41.04,38.89
26.83,9.85
43.42,42.52
50.78,74.97
55.94,96.27
53.05,68.57
53.87,72.55
18.35,1.31
55.64,98.71
28.71,10.74
28.28,11.19
46.73,52.63
56.23,100.54
22.56,6.53
28.93,11.28
50.23,80.9
43.25,39.48
22.62,6.28
53.58,69.82
47.02,57.39
47.38,58.72
51.43,72.21
26.93,9.95
50.85,74.99
53.58,75.86
45.78,56.75
28.59,11.0
18.67,4.33
50.73,77.32
51.02,76.31
53.97,75.63
24.96,8.25
20.71,5.33
51.69,68.64
48.73,57.56
48.37,50.12
26.62,8.63
18.65,1.25
20.33,5.57
28.52,10.73
24.25,7.57
50.01,79.73
20.05,5.66
24.66,7.53
46.03,58.76
40.19,37.45
42.84,43.01
40.91,44.84
51.15,81.1
47.9,59.05
52.16,80.94
40.02,38.65
50.81,79.85
17.06,2.93
18.23,2.48
50.54,73.74
24.38,7.27
51.97,80.87
22.75,6.05
28.16,10.58
21.0,5.99
56.81,97.86
53.65,72.62
28.04,10.65
58.9,103.53
43.31,37.94
17.36,4.08
26.53,8.72
26.14,9.72
52.28,79.34
24.13,7.17
24.03,7.89
41.33,41.11
50.63,71.84
57.73,101.64
24.64,8.31
56.67,104.55
26.02,9.78
26.16,8.91
28.15,10.57
50.25,75.65
26.38,9.92
53.26,67.65
24.78,8.04
28.0,11.04
17.65,4.17
43.23,44.15
45.61,56.59
56.48,98.45
24.01,7.89
17.66,2.32
58.83,100.35
43.19,38.73
22.34,6.87
26.24,8.92
20.97,5.45
51.15,71.09
28.58,10.01
24.46,7.83
17.0,2.09
48.73,58.03
20.74,5.05
20.92,5.51
56.09,103.13
22.64,6.09
47.99,51.7
46.4,49.36
53.64,74.88
48.57,52.87
20.09,5.1
24.81,7.58
18.87,4.06
40.17,44.53
51.58,78.33
52.53,74.35
57.37,105.79
22.92,6.13
45.23,56.67
42.76,44.71
22.93,6.48
40.26,37.68
18.05,1.47
58.73,98.41
22.65,6.56
43.59,39.08
48.33,51.49
56.87,95.81
48.53,52.29
40.37,37.35
22.24,6.14
17.43,2.81
22.83,6.91
24.47,8.07
20.23,5.62
53.97,71.66
26.96,8.57
42.6,37.33
18.28,4.89
51.92,68.27
20.92,5.32
51.98,76.6
52.2,73.46
57.33,100.87
50.6,73.3
51.93,76.11
22.87,6.62
20.64,5.37
22.91,6.22
48.39,52.57
55.97,92.74
28.17,11.03
26.69,9.95
51.79,76.1
45.43,52.53
41.59,42.54
52.85,69.36
18.15,4.35
41.96,37.47
17.66,2.29
28.25,10.85
47.24,58.17
24.66,7.24
48.43,52.32
48.11,54.81
22.51,6.32
45.21,55.16
27.0,9.85
22.15,6.48
52.33,75.29
56.38,98.78
28.16,11.07
24.04,7.76
28.59,11.29
20.99,5.92
55.93,93.75
20.56,5.07
18.46,2.34
40.15,42.68
50.69,79.74
28.48,10.19
24.75,7.62
22.55,6.47
28.52,10.87
43.48,42.11
46.55,53.12
26.86,9.53
55.07,95.27
56.21,93.71
20.36,5.3
22.83,6.9
40.7,44.87
47.44,49.94
40.69,39.41
26.96,8.92
40.2,42.22
45.66,50.33
28.45,11.12
20.98,5.82
55.66,107.95
50.77,69.28
52.56,73.26
40.74,44.8
55.71,93.32
24.02,7.97
45.33,58.71
26.05,9.45
28.02,11.08
22.18,6.01
41.01,44.94
26.94,8.98
24.33,8.05
24.05,7.56
48.07,54.85
50.73,69.7
42.71,43.96
18.25,4.68
17.59,4.24
50.82,79.35
29.0,11.0
55.96,102.75
28.76,10.48
56.7,104.45
57.26,102.79
50.25,67.49
43.02,41.96
40.89,39.75
26.89,9.71
41.25,38.7
58.05,98.26
47.9,51.32
24.02,7.12
51.3,76.77
20.13,5.59
22.8,6.67
56.96,105.42
28.96,10.45
52.64,70.79
57.11,102.13
45.2,56.27
46.9,56.08
26.44,8.86
20.18,5.58
50.11,79.7
46.43,52.98
18.4,3.13
40.68,42.74
48.76,51.02
50.82,79.18
28.28,10.9
20.65,5.01
20.76,5.12
24.13,7.33
18.63,4.73
40.04,42.35
20.78,5.6
47.16,59.24
24.1,7.32
26.55,8.81
17.05,1.76
41.27,41.17
41.86,41.39
55.82,103.38
41.63,43.83
18.49,3.1
26.34,8.87
28.11,11.46
55.73,105.03
17.41,3.83
55.96,97.16
58.26,99.0
24.01,7.33
43.16,38.95
53.61,81.12
17.21,4.76
26.03,9.55
42.7,41.01
53.45,72.05
24.77,7.56
24.45,7.61
48.41,55.76
42.06,41.53
57.39,102.28
24.43,7.52
18.67,2.11
24.86,7.82
28.17,10.27
46.55,52.02
58.2,109.32
26.47,9.81
46.38,51.25
51.91,67.59
24.08,7.03
51.29,74.09
41.07,39.52
28.57,11.15
56.8,107.38
24.16,8.01
26.46,9.51
41.37,42.3
28.9,10.85
52.14,78.14
55.17,93.71
56.5,95.59
28.64,11.04
52.17,74.18
41.19,41.31
17.08,3.15
22.55,6.12
28.8,11.47
41.99,43.28
17.66,3.04
17.77,3.83
42.43,39.07
55.06,95.02
28.67,10.09
28.66,10.7
46.81,50.85
20.33,5.3
26.98,9.17
45.06,55.23
20.45,5.91
58.71,105.62
51.3,73.71
28.06,10.28
17.68,4.5
56.89,99.48
24.77,8.09
24.56,7.67
40.39,39.04
43.03,43.92
26.94,8.94
45.76,59.39
26.21,8.59
41.18,40.12
22.58,6.68
22.36,6.18
51.52,74.95
28.81,10.42
43.21,37.76
45.53,53.61
28.09,10.72
24.05,7.4
17.44,1.49
53.6,79.59
20.43,5.89
45.77,49.61
24.34,8.28
22.47,6.06
41.67,44.09
24.86,7.52
56.27,100.64
18.79,4.27
53.23,74.64
52.87,69.81
22.18,6.97
26.84,9.02
47.42,49.99
51.09,80.08
28.23,10.19
18.25,4.82
17.25,3.96
22.89,6.47
28.45,10.76
28.37,11.46
20.56,5.39
22.64,6.09
28.52,11.43
40.45,37.51
50.8,79.1
18.04,2.02
22.53,6.65
28.35,10.51
41.32,42.23
57.92,91.01
20.87,5.92
45.14,52.88
56.96,106.67
55.88,94.11
53.97,76.06
50.05,69.55
24.69,8.22
41.96,39.76
26.76,8.67
56.42,101.03
43.55,45.0
18.44,1.8
20.42,5.37
17.76,3.46
55.67,104.76
22.79,6.35
17.22,2.62
20.23,5.34
18.22,1.47
26.48,9.02
17.23,1.04
53.77,78.83
53.77,75.84
26.38,8.55
20.94,5.67
20.98,5.74
53.42,68.95
51.23,81.05
17.79,3.37
22.47,6.79
48.52,59.16
26.58,8.9
52.22,78.33
48.2,55.02
40.15,43.3
20.87,5.85
55.86,100.8
24.51,7.03
26.07,9.84
22.44,6.33
22.88,6.33
50.98,79.87
57.41,102.61
57.18,91.82
20.18,5.22
41.04,42.07
24.53,8.29
51.2,74.1
28.38,10.83
40.44,38.26
24.54,8.17
42.28,39.26
51.16,77.77
58.57,104.61
56.25,100.65
47.37,53.76
28.25,10.53
22.9,6.36
28.96,10.03
42.74,43.88
58.38,97.91
46.41,53.94
24.26,8.48
57.85,91.12
47.13,55.21
43.09,42.0
40.32,44.7
43.34,38.98
26.78,8.68
47.12,57.78
17.53,4.61
17.57,2.94
20.14,5.92
24.33,8.19
52.12,74.8
55.9,95.11
20.63,5.81
20.69,5.96
47.36,49.65
28.77,11.39
52.87,76.04
20.17,5.05
57.7,105.06
46.31,55.3
48.78,56.78
46.28,50.84
20.78,5.68
24.97,7.07
28.52,11.33
26.36,9.1
55.78,91.68
17.17,1.49
47.57,54.15
45.76,58.64
22.22,6.99
20.74,5.92
22.17,6.02
42.32,37.75
56.45,102.02
22.14,6.85
17.73,1.76
42.21,42.87
52.57,68.28
22.39,6.99
24.45,8.17
51.83,78.44
43.38,41.34
48.82,56.94
20.49,5.05
58.2,103.14
42.17,40.05
18.35,1.74
20.27,5.21
28.49,10.01
46.39,54.07
41.08,42.72
22.33,6.11
20.28,5.17
55.82,105.27
58.5,105.26
28.05,11.43
26.46,9.32
41.63,42.86
24.03,7.92
42.49,43.22
28.1,10.32
40.09,42.45
53.28,74.32
50.45,70.65
47.0,54.7
52.16,74.7
24.61,7.47
26.01,9.13
55.32,104.63
20.7,5.42
26.8,8.71
22.56,6.06
24.8,7.2
24.64,7.38
52.25,72.63
17.09,3.21
22.01,6.12
58.38,96.86
45.11,56.1
20.53,5.53
51.56,77.1
22.64,6.95
28.81,10.14
17.0,1.52
45.72,53.94
20.68,5.37
20.8,5.64
40.88,42.96
56.59,107.7
18.33,2.19
20.88,5.94
48.29,53.33
51.6,77.74
57.72,99.17
22.49,6.28
43.4,42.37
22.91,6.28
48.6,55.74
40.85,39.99
57.81,101.68
42.28,38.01
24.71,8.12
43.45,41.03
18.79,1.02
24.09,7.57
22.66,6.87
55.65,107.2
18.53,4.54
58.05,94.47
53.2,79.49
40.62,40.72
26.84,9.14
57.43,93.35
24.79,8.37
28.93,10.19
47.65,55.32
20.59,5.55
28.4,11.12
22.27,6.75
56.28,91.76
22.62,6.67
28.58,10.39
57.29,105.34
56.29,106.99
24.28,7.97
56.88,95.72
55.78,99.21
22.99,6.34
47.92,55.07
43.73,44.89
57.06,105.55
52.17,71.37
41.17,40.27
42.94,38.06
26.79,9.93
43.88,41.01
18.27,4.69
50.96,68.52
41.11,42.13
24.97,7.37
46.1,57.98
20.49,5.2
45.56,50.27
18.55,4.13
17.52,3.59
43.85,43.89
41.63,38.27
24.33,7.71
51.27,80.66
56.28,95.91
47.03,53.92
28.55,10.78
26.04,9.82
43.43,42.51
50.99,75.73
22.67,6.66
26.94,9.37
45.58,56.19
41.62,43.2
52.5,80.4
56.46,97.97
55.17,103.38
24.62,8.49
18.1,4.44
45.54,57.41
26.14,9.57
17.08,3.23
58.69,95.88
18.79,1.0
42.22,41.32
46.78,55.58
24.55,7.1
43.22,42.83
20.52,5.13
47.35,54.36
53.24,71.19
46.04,49.22
50.31,68.43
47.09,56.55
24.83,8.34
22.62,6.7
24.25,7.72
22.06,6.57
22.27,6.1
20.01,5.82
53.82,68.71
56.96,101.9
55.67,102.97
58.97,96.67
26.87,8.84
24.86,7.05
42.36,41.22
24.02,7.34
41.61,42.59
47.08,56.68
52.69,77.69
22.1,6.9
17.13,2.83
24.41,7.33
58.05,109.18
24.34,8.39
41.02,37.55
42.27,43.78
57.33,108.26
26.95,8.7
28.41,11.45
22.3,6.02
20.51,5.62
28.02,11.24
26.77,9.12
41.26,42.56
50.4,73.02
41.42,41.36
40.2,42.13
43.12,43.5
28.83,11.22
22.93,6.24
28.84,11.31
20.14,5.62
18.09,4.65
48.64,57.14
53.54,81.1
41.31,41.43
22.95,6.21
28.17,11.13
55.53,94.87
20.01,5.83
18.98,4.51
20.71,5.26
58.11,100.23
18.19,4.05
22.12,6.13
50.54,75.14
22.29,6.36
58.58,108.86
57.02,104.31
18.59,2.06
24.05,8.2
52.39,71.06
28.66,10.42
51.54,69.71
48.08,52.88
20.48,5.55
28.25,11.19
48.55,51.58
40.63,42.36
42.2,41.28
50.79,71.87
57.94,106.39
55.14,107.66
42.38,38.2
51.26,73.49
22.58,6.86
40.82,42.52
26.39,9.3
47.21,53.67
24.66,7.42
57.09,91.72
22.17,6.79
28.57,11.12
53.39,80.75
48.41,49.33
28.37,10.35
42.14,37.52
45.98,58.03
48.68,57.62
52.86,69.17
40.7,43.68
28.27,11.35
50.67,72.78
50.43,78.71
18.32,4.24
56.28,94.97
47.07,56.28
56.52,93.36
41.16,40.91
56.58,91.03
22.36,6.23
20.82,5.29
20.97,5.46
53.46,72.06
47.0,49.48
57.08,103.77
45.31,51.68
22.9,6.29
18.86,3.62
28.2,10.62
17.72,3.45
50.96,81.03
40.65,44.05
18.98,3.64
24.36,7.22
41.79,43.87
17.97,4.47
43.58,40.71
17.45,1.4
51.28,74.85
57.0,107.96
43.34,41.46
24.79,7.78
46.57,52.67
20.54,5.33
41.63,38.78
18.51,4.81
28.05,10.13
51.65,75.07
28.14,11.41
28.72,11.24
17.04,2.8
18.69,2.8
47.53,50.07
24.04,7.39
17.63,3.6
20.06,5.35
40.92,42.16
41.51,38.97
26.36,9.85
17.87,1.22
50.73,73.63
57.8,94.75
53.67,69.13
18.93,3.54
45.37,51.05
22.48,6.32
58.02,107.7
26.5,8.6
28.42,11.4
50.12,73.43
51.44,70.84
51.64,70.07
50.42,70.16
26.18,8.74
28.04,10.88
50.38,75.58
50.26,78.87
50.49,76.32
24.63,8.36
40.32,40.89
45.74,53.77
22.88,6.72
18.22,3.24
26.76,9.6
58.66,92.84
20.28,5.27
28.58,11.14
51.72,73.86
20.62,5.83
48.22,57.81
17.54,3.28
17.71,3.24
28.98,10.99
17.01,1.73
48.2,59.05
28.04,10.18
58.84,101.96
42.16,39.06
24.6,7.23
43.49,42.11
20.3,5.68
24.92,7.28
57.1,100.79
40.94,43.96
20.97,5.98
26.68,9.13
24.98,8.45
28.46,10.61
43.6,44.0
41.74,41.75
53.49,80.01
45.35,54.46
24.55,7.57
47.07,51.26
50.26,70.06
26.03,9.99
24.62,8.12
24.47,7.47
53.35,68.72
48.02,54.18
26.24,8.52
22.39,6.61
48.21,49.18
51.44,73.95
24.13,7.71
51.6,74.29
43.54,38.14
43.7,38.15
53.9,68.42
58.27,102.98
50.22,77.38
22.39,6.44
51.77,78.6
47.48,49.94
40.57,42.19
18.44,4.63
47.91,51.19
18.68,2.18
22.82,6.02
26.83,9.97
47.26,56.1
26.71,8.86
55.69,109.22
28.31,11.28
20.73,5.31
46.6,57.46
45.28,51.99
24.73,8.21
22.68,6.13
42.59,41.04
22.03,6.26
42.0,42.12
20.03,5.85
47.54,59.08
53.78,79.92
40.16,41.35
55.81,95.8
18.54,1.73
22.33,6.97
24.49,7.81
40.41,43.31
42.5,38.89
17.92,4.94
43.64,39.8
58.32,100.68
47.92,56.6
18.96,3.71
50.38,80.35
56.02,102.83
55.27,102.08
42.99,39.4
26.59,9.98
52.52,74.6
42.14,41.02
20.75,5.26
41.29,44.75
47.91,52.13
28.87,10.8
40.29,42.11
18.97,2.27
42.98,41.68
24.27,7.84
24.67,8.41
22.11,6.74
26.2,9.67
28.88,10.39
20.48,5.0
22.04,6.63
56.93,103.99
24.19,7.75
48.83,54.67
17.06,1.21
53.25,80.68
43.0,38.63
22.9,6.89
26.09,9.69
24.17,7.61
26.62,8.73
50.43,79.15
48.43,53.8
18.41,3.24
17.59,3.77
22.57,6.46
43.79,39.91
24.03,7.71
58.94,105.44
22.6,6.57
28.32,10.4
26.03,8.95
51.86,77.33
58.27,104.22
52.75,70.63
28.61,10.2
53.1,79.53
58.69,106.07
28.12,10.71
50.66,72.9
27.0,9.94
28.07,10.33
41.57,40.0
28.58,11.12
24.85,7.57
48.91,49.39
20.09,5.17
22.89,6.33
43.67,40.15
56.07,104.48
20.42,5.83
45.71,56.1
55.04,107.29
43.59,40.71
24.4,8.41
52.72,73.18
43.83,37.99
28.67,11.35
28.11,10.4
17.85,3.13
58.34,98.5
50.19,75.64
28.58,11.18
28.24,10.96
28.02,10.11
28.73,10.37
24.0,8.11
50.73,68.89
26.91,9.05
17.84,2.87
43.62,40.78
41.27,40.96
56.18,101.1
51.34,73.99
20.85,5.9
26.96,8.62
50.68,71.81
51.16,74.43
42.2,39.92
26.62,8.98
55.43,107.4
28.44,11.37
48.07,57.74
28.42,11.29
26.78,9.59
43.07,43.22
56.53,101.65
58.69,93.89
43.31,42.04
17.88,3.25
50.68,68.35
42.66,37.55
28.84,11.43
42.5,37.59
22.73,6.95
43.92,44.45
22.9,6.95
17.54,1.98
28.47,11.47
24.9,8.0
17.68,2.85
24.34,8.31
45.74,53.62
42.92,43.45
22.26,6.73
50.58,69.51
24.64,8.28
48.57,53.2
43.66,43.07
42.24,39.92
42.4,39.26
20.84,5.34
28.67,10.65
22.7,6.8
22.49,6.13
52.75,70.67
26.63,9.6
55.52,104.82
26.03,8.66
28.58,10.98
42.34,45.07
17.25,2.46
22.28,6.66
52.21,74.54
18.14,4.87
46.45,54.51
56.22,104.2
53.33,67.44
46.1,55.28
50.67,71.11
50.38,77.45
43.79,40.36
26.22,8.81
17.33,2.26
46.97,52.78
47.02,51.15
53.5,70.88
26.01,9.32
22.5,6.13
26.33,8.55
41.95,37.57
22.63,6.57
17.22,4.96
24.54,7.46
40.93,39.64
17.51,2.36
57.86,101.37
22.74,6.43
57.72,92.08
22.38,6.07
58.91,91.21
41.12,39.76
53.46,79.0
28.09,10.24
50.9,80.31
26.59,8.5
28.77,11.36
28.3,10.47
20.71,5.49
28.12,10.57
20.1,5.17
46.24,50.57
42.4,40.9
41.6,39.2
50.44,76.21
51.56,71.43
42.57,43.65
45.34,51.76
40.62,40.52
28.13,11.33
53.5,75.47
48.88,50.9
40.29,40.79
20.95,5.56
24.9,7.08
24.1,7.12
42.65,41.44
20.15,5.81
22.2,6.58
20.82,5.07
28.64,10.03
26.25,8.96
18.78,3.89
42.19,41.46
26.76,8.76
57.24,100.7
18.76,4.0
43.23,44.18
45.47,49.79
45.49,53.83
20.18,6.0
28.25,11.06
17.15,2.31
28.06,10.98
17.06,1.4
17.23,2.97
55.45,105.37
43.43,44.76
40.74,40.29
53.61,76.67
20.56,5.87
24.32,8.43
17.37,2.21
48.48,49.41
57.16,105.16
40.64,37.66
20.02,5.69
42.16,43.1
22.76,6.6
17.8,1.32
47.82,58.01
26.58,9.93
42.01,44.24
26.6,9.69
47.53,49.57
58.59,109.4
51.58,75.06
57.01,96.82
41.9,39.81
26.14,9.63
24.89,7.5
24.66,8.05
50.34,72.44
56.78,90.93
28.29,10.41
57.26,101.6
20.95,5.83
26.14,9.33
57.71,101.76
24.21,7.85
17.87,2.18
18.73,1.81
28.66,10.09
53.65,79.07
42.17,44.17
20.3,5.56
47.09,55.61
28.78,10.78
22.16,6.62
46.87,49.89
52.28,70.73
51.75,68.71
24.63,7.03
41.74,39.58
26.84,8.92
52.8,73.01
52.31,76.01
46.23,52.96
24.1,7.85
41.61,39.55
58.62,94.1
52.09,76.12
43.73,39.67
51.0,79.52
55.95,103.53
22.59,6.07
28.73,10.14
52.31,68.81
50.35,75.99
26.1,9.38
56.35,105.33
24.54,7.04
17.17,3.91
51.98,68.73
26.99,8.55
24.74,7.2
42.62,42.18
55.17,103.08
22.82,6.06
22.66,6.69
24.6,7.41
48.23,58.9
24.7,7.28
56.73,109.73
52.21,68.17
20.97,5.47
20.7,5.08
40.17,40.97
28.07,10.3
40.89,39.91
17.43,3.44
22.07,6.26
17.92,4.93
50.15,68.74
22.68,6.37
26.46,9.24
20.55,5.73
20.55,5.03
28.32,11.43
46.4,57.22
43.09,44.8
43.54,40.75
28.39,11.41
28.26,11.24
20.15,5.62
28.61,10.76
26.03,9.16
22.28,6.49
26.6,9.84
18.58,4.43
22.99,6.79
53.02,73.24
46.73,51.84
26.24,9.26
18.06,1.42
46.45,56.21
52.7,67.88
28.13,10.23
55.4,91.68
20.27,5.05
53.94,78.13
57.62,102.49
20.71,5.12
53.07,76.4
20.63,5.88
24.79,7.09
52.44,79.31
26.16,9.44
46.54,58.37
17.17,4.08
43.93,41.36
24.08,8.34
56.71,102.49
40.92,42.93
51.45,76.16
46.45,55.12
26.68,9.93
45.45,56.86
20.79,5.33
22.34,6.29
48.98,52.07
22.23,6.79
26.96,9.31
24.17,7.29
22.51,6.95
22.39,6.16
46.79,58.91
20.71,5.89
43.06,40.32
56.3,100.37
22.63,6.52
47.51,50.83
55.23,93.95
47.92,52.13
18.29,3.37
40.8,41.81
41.63,45.0
20.25,5.72
22.44,6.73
50.84,77.58
24.32,7.52
42.76,41.66
56.03,91.55
22.17,6.11
41.18,44.34
20.76,5.06
26.72,9.57
51.8,67.44
22.3,6.13
28.73,11.01
52.83,74.22
42.69,42.54
53.15,68.91
20.11,5.84
50.84,75.78
43.38,42.11
22.19,6.12
47.63,56.3
20.24,5.03
20.17,5.46
47.12,51.85
46.67,50.91
22.38,6.42
26.39,8.95
56.48,106.9
24.35,7.78
17.91,4.47
20.54,5.65
46.75,52.94
41.36,37.28
50.78,76.95
26.05,8.62
22.13,6.75
50.78,76.89
45.4,52.55
51.32,71.73
51.78,71.98
48.71,56.76
42.0,41.98
47.32,52.97
41.2,42.44
28.97,11.36
26.99,8.87
24.43,8.48
46.42,56.06
26.86,9.36
50.36,76.42
47.16,52.05
47.35,58.91
24.49,7.37
47.55,50.06
28.48,10.48
22.23,6.89
55.1,105.96
53.47,70.16
26.78,9.58
57.2,108.33
50.08,75.53
20.47,5.89
22.4,6.94
28.06,10.65
22.67,6.33
20.72,5.91
41.24,41.45
51.36,76.65
20.39,5.83
43.8,40.55
20.36,5.78
28.6,10.98
50.16,70.58
26.87,9.05
58.03,96.91
24.47,7.97
28.72,10.69
24.77,7.19
22.21,6.74
18.69,1.51
48.76,52.58
20.19,5.13
22.35,6.29
56.74,93.31
50.27,78.06
26.3,8.87
57.04,108.48
56.33,96.62
18.9,2.44
58.78,100.82
42.39,41.6
17.08,1.87
20.35,5.84
26.35,9.87
28.96,10.09
26.71,9.34
20.29,5.06
53.27,73.72
51.63,75.79
46.41,57.84
40.66,41.0
40.9,42.29
28.92,10.08
18.28,4.93
18.89,1.81
53.28,72.4
20.33,5.37
43.48,40.85
24.72,8.48
24.41,7.01
55.42,91.38
40.61,43.58
52.49,73.07
18.57,2.4
50.64,72.76
20.53,5.79
28.05,11.34
17.6,1.2
58.49,104.58
26.65,8.72
26.09,9.17
24.55,7.43
51.21,74.07
57.21,96.46
40.94,37.59
55.02,93.44
50.38,78.86
20.92,5.77
56.08,104.4
46.11,54.33
26.82,9.45
28.23,10.27
26.18,8.72
46.98,52.15
26.77,9.6
56.78,97.95
22.44,6.0
42.37,40.9
22.52,6.92
20.43,5.35
28.13,10.43
17.56,1.81
43.22,41.79
24.86,7.02
42.54,44.92
20.93,5.22
17.8,3.24
55.88,96.4
53.55,70.89
50.8,78.44
58.11,109.66
22.01,6.91
18.52,1.56
53.72,71.74
22.0,6.75
40.81,40.81
28.95,11.02
24.79,7.14
46.32,49.59
22.01,6.05
26.2,9.8
58.18,95.37
53.96,80.91
48.44,50.17
20.63,5.06
48.72,58.49
22.53,6.85
22.21,6.31
28.44,11.49
26.86,9.47
22.83,6.51
46.72,57.45
48.64,54.21
20.27,5.1
55.79,99.44
57.75,94.14
46.34,55.81
42.12,41.41
51.41,72.72
24.9,8.22
41.6,43.11
28.55,10.05
58.94,94.38
26.42,9.96
42.53,39.48
55.39,102.99
58.01,98.21
20.27,5.26
40.88,43.28
46.53,58.83
28.6,10.76
41.34,41.71
28.17,11.4
47.54,58.06
55.33,95.76
55.3,95.53
20.51,5.55
28.66,10.5
43.6,40.34
41.52,42.11
42.14,42.62
47.53,58.92
28.68,10.67
24.71,8.29
57.75,97.73
42.34,41.63
17.71,1.63
43.83,40.21
51.94,80.53
50.41,72.4
40.69,39.1
43.04,45.09
56.69,92.77
51.83,71.06
55.04,101.77
20.35,5.9
48.84,49.33
24.15,7.28
20.33,5.96
52.16,69.31
20.12,5.22
51.69,72.78
53.68,73.41
56.5,109.81
20.01,5.59
20.07,5.14
45.58,51.87
40.33,37.39
24.54,8.41
58.1,93.94
58.46,102.22
22.82,6.69
40.96,38.75
20.76,5.29
57.51,94.71
28.02,10.96
24.67,8.32
20.54,5.34
42.22,38.24
28.45,10.48
43.52,42.01
41.2,38.51
42.16,43.08
46.76,59.16
24.27,7.96
52.87,70.71
20.45,5.58
45.63,58.6
52.44,71.21
50.19,78.21
50.52,70.47
22.7,6.17
20.93,5.27
58.06,99.83
28.46,11.07
22.9,6.97
56.74,98.57
18.84,3.78
43.23,38.56
51.59,68.82
46.12,50.23
24.62,7.87
26.56,9.86
26.04,9.82
40.53,38.89
20.13,5.67
28.19,10.6
52.74,74.08
20.69,5.65
53.97,71.79
20.0,5.32
17.15,4.76
48.47,58.27
17.14,4.98
26.83,8.86
43.15,40.59
20.06,5.87
22.92,6.87
28.05,11.47
24.11,7.57
22.89,6.03
51.17,69.63
51.98,71.0
24.18,7.14
26.86,9.16
28.58,11.47
53.1,72.94
24.95,8.07
46.92,52.49
22.12,6.04
55.7,94.11
26.63,9.55
20.6,5.24
20.21,5.68
41.3,37.66
47.06,49.54
20.79,5.01
48.18,54.49
52.22,76.69
56.72,96.59
24.34,8.23
43.43,40.37
28.15,10.34
51.75,70.58
17.48,1.66
17.74,2.05
17.54,1.89
52.03,79.77
24.95,7.67
28.14,10.71
58.69,104.66
22.78,6.66
48.95,56.03
17.74,2.49
24.06,7.71
42.68,41.41
22.3,6.68
58.44,91.49
57.67,103.33
17.75,1.05
47.73,58.83
20.34,5.56
55.17,94.43
46.23,53.59
17.61,2.13
20.62,5.99
40.18,38.25
22.43,6.8
18.49,2.57
20.85,5.13
57.35,96.16
41.43,44.43
24.78,7.62
46.65,49.75
24.4,8.27
50.51,68.03
20.67,5.28
40.2,40.21
28.17,10.75
24.42,7.28
46.83,55.39
56.89,93.71
48.84,56.05
47.73,58.75
55.13,94.66
46.77,54.05
24.82,8.42
24.12,7.78
26.35,8.97
24.4,7.86
17.41,4.59
48.74,57.54
45.31,56.16
41.34,43.97
47.84,57.34
20.18,5.54
58.98,102.08
55.89,94.02
56.45,101.29
51.02,67.81
41.68,38.65
50.08,78.92
53.27,67.65
45.14,55.08
46.5,55.3
51.85,75.21
22.37,6.1
40.98,38.03
26.96,9.06
22.09,6.78
53.12,80.48
58.09,94.44
56.79,93.56
56.97,109.75
55.16,92.18
18.19,1.21
42.92,38.04
24.89,7.71
53.66,72.84
28.52,11.43
26.35,9.8
17.14,3.79
18.36,3.65
22.84,6.64
17.97,1.37
26.57,9.5
18.82,1.44
28.55,11.01
22.33,6.11
46.76,51.99
20.47,5.73
20.05,5.54
52.96,73.25
43.7,41.76
56.8,96.29
43.64,42.81
55.05,96.32
52.07,70.53
43.78,43.28
26.13,9.81
57.79,106.52
57.68,104.8
56.33,91.08
26.43,9.57
28.95,11.14
48.77,56.82
22.08,6.1
43.85,40.68
55.86,93.4
20.89,5.85
45.6,49.84
26.65,9.31
57.79,91.63
55.24,100.79
51.99,76.44
55.8,93.87
42.59,42.68
24.74,7.93
17.84,4.69
22.87,6.95
51.35,78.83
24.4,8.09
41.04,43.48
24.03,7.84
24.79,7.25
20.92,5.5
47.18,55.54
48.35,58.58
50.26,76.45
55.92,94.07
41.26,44.87
18.63,2.29
47.88,51.55
57.19,93.32
51.44,74.5
18.19,2.4
17.97,1.18
42.25,38.74
41.72,41.3
46.18,50.66
28.08,11.13
52.18,70.93
28.37,10.77
48.92,50.34
41.43,41.77
42.06,45.03
26.56,9.89
22.67,6.54
24.65,8.15
48.18,57.76
52.4,77.45
18.31,4.5
20.94,5.58
57.02,91.63
22.02,6.78
40.09,44.02
24.01,7.25
24.69,7.76
48.21,53.54
20.91,5.07
40.8,41.92
26.4,8.65
22.26,6.36
40.17,39.31
26.35,9.43
28.54,10.89
46.1,57.91
24.89,8.26
43.92,44.19
55.81,100.15
18.69,1.86
17.73,4.38
56.18,106.48
24.82,8.2
26.68,9.09
22.01,6.36
26.56,9.6
41.36,44.7
28.55,10.93
51.25,69.34
57.72,95.07
46.4,50.87
20.08,5.47
50.22,72.93
56.37,95.35
53.8,79.95
58.96,107.05
22.95,6.67
26.38,9.59
55.03,95.93
24.25,7.74
20.64,5.1
28.37,10.63
22.98,6.35
51.88,69.76
51.65,76.07
51.74,74.9
56.02,96.17
52.06,72.5
58.04,93.35
24.83,7.61
58.74,96.66
50.41,71.38
46.49,51.23
40.72,39.07
28.89,10.19
52.2,72.12
46.13,53.64
17.72,4.69
56.83,103.45
41.32,45.06
56.77,105.02
20.88,5.5
18.84,1.72
43.63,40.49
46.64,52.99
53.1,70.99
55.28,100.19
47.83,56.86
24.68,7.64
24.05,7.38
20.5,5.47
57.58,100.49
58.35,102.25
41.58,37.48
24.24,7.94
28.06,10.78
22.46,6.96
28.23,10.22
26.7,8.78
53.28,73.49
40.71,42.91
52.72,79.77
24.28,7.87
47.06,55.43
51.69,72.94
42.47,44.78
50.91,75.24
22.31,6.69
48.48,51.64
22.06,6.04
51.42,73.15
18.13,3.37
24.25,7.8
22.07,6.5
22.33,6.41
24.71,7.16
55.79,102.56
18.93,3.27
46.29,55.9
28.41,10.27
53.95,77.33
22.6,6.26
18.62,3.73
50.77,80.01
58.83,96.77
17.7,1.08
26.71,8.99
40.22,37.38
55.08,95.6
51.74,77.91
26.66,9.91
58.74,93.04
40.91,44.61
26.61,9.66
22.9,6.9
46.08,54.75
41.35,41.26
20.75,5.73
50.61,74.67
22.4,6.41
55.69,100.66
26.2,9.33
22.43,6.98
52.9,77.94
40.78,40.21
53.72,74.83
51.76,74.69
18.93,1.16
24.01,7.85
53.12,72.16
46.64,49.68
41.67,44.83
45.23,58.72
53.71,70.5
48.27,53.92
28.19,10.02
55.41,92.54
28.58,11.48
58.72,94.87
24.11,7.68
48.95,58.14
55.96,93.81
17.18,4.39
26.34,8.53
20.66,5.57
22.07,6.25
26.04,8.75
40.89,37.8
20.24,5.49
24.27,8.04
53.19,75.83
52.25,67.39
41.29,38.36
43.0,43.35
24.36,7.02
28.74,11.45
42.54,39.87
52.43,72.39
42.54,39.53
48.87,53.05
24.78,7.31
53.64,72.48
42.71,38.62
20.09,5.26
24.21,7.8
48.69,55.9
57.08,106.73
24.68,7.8
42.27,41.93
20.44,5.94
53.86,77.98
28.14,11.17
55.78,100.85
47.54,56.34
41.86,44.32
24.87,7.23
48.87,51.63
20.36,5.64
55.74,92.55
40.91,43.17
17.85,1.44
24.34,7.58
42.55,43.62
57.49,104.09
55.6,107.12
26.68,8.74
18.79,4.76
40.86,40.45
26.43,8.68
50.8,78.68
26.11,9.63
40.26,41.09
22.25,6.69
26.71,8.82
24.26,7.06
43.12,44.28
52.06,73.69
46.46,57.88
43.86,40.5
41.06,42.64
40.16,40.46
40.79,38.61
20.73,5.91
22.76,6.11
24.55,7.24
51.37,68.34
58.39,91.25
28.68,10.94
58.06,91.11
26.44,8.89
20.02,5.14
50.75,72.81
42.95,37.81
24.27,7.82
45.72,51.4
42.57,43.17
17.36,1.29
22.5,6.55
52.03,68.1
57.05,92.34
50.61,79.23
24.78,7.61
48.89,56.2
28.73,11.31
50.47,79.37
17.61,1.99
28.44,10.54
20.07,5.6
43.58,40.91
57.3,99.28
43.5,44.41
47.47,49.79
50.06,80.79
46.37,52.86
24.23,8.31
26.14,8.81
48.89,56.64
20.3,5.99
20.8,5.23
26.03,8.71
18.28,4.87
45.91,58.37
41.87,43.67
17.98,4.85
42.22,37.46
45.07,49.24
17.51,2.67
40.61,39.03
17.76,4.83
28.44,11.12
50.67,68.56
41.6,43.67
57.53,101.96
26.65,10.0
20.88,5.07
28.69,10.27
45.2,49.61
18.32,1.65
22.29,6.75
18.34,3.4
18.96,4.59
57.99,103.28
53.47,79.99
55.46,102.94
50.34,76.7
45.08,52.48
42.36,41.31
55.91,108.3
53.87,73.86
24.34,8.24
28.44,11.12
42.41,44.49
57.53,106.23
24.56,7.29
53.69,76.92
24.79,7.23
44.0,40.05
26.66,9.24
28.28,10.51
26.7,9.63
50.33,74.17
24.96,7.85
20.09,5.93
56.7,101.53
17.04,3.6
26.23,9.56
20.94,5.84
24.76,8.17
42.41,42.72
24.14,7.34
57.91,98.83
58.66,91.53
17.31,3.74
48.46,55.61
28.55,11.38
17.27,2.87
22.72,6.44
43.05,38.6
47.89,57.8
51.46,69.58
50.64,77.3
24.88,8.1
20.15,5.4
22.03,6.35
24.03,7.88
56.18,96.63
24.98,7.61
28.46,10.09
26.82,8.56
43.59,40.3
26.06,9.87
26.47,8.89
24.15,8.07
53.31,81.19
18.12,1.16
24.77,8.41
46.61,52.09
55.42,103.4
40.53,44.55
28.84,11.49
28.11,10.2
26.23,8.64
22.99,6.97
28.44,10.32
58.76,100.77
51.66,70.26
20.72,5.59
56.59,102.03
22.76,6.9
26.7,9.95
17.29,4.01
40.88,40.29
22.02,6.86
52.58,71.12
28.19,11.25
20.93,5.38
46.25,59.0
22.9,6.23
45.85,49.59
48.15,54.61
52.44,77.29
48.96,49.22
46.94,49.56
42.83,39.45
55.04,102.38
48.73,49.46
20.39,5.91
42.57,41.79
26.07,9.37
40.84,40.97
50.82,74.68
22.2,6.41
47.87,51.99
17.08,1.41
17.14,1.08
50.09,73.16
20.88,5.5
52.53,68.47
28.86,10.67
22.23,6.8
24.76,7.07
17.44,2.06
24.3,7.76
53.08,69.53
55.52,102.84
58.62,97.83
20.25,5.19
50.08,74.39
26.27,9.69
48.38,56.08
50.51,67.34
24.13,7.32
20.09,5.65
20.21,5.96
45.12,49.42
22.69,6.37
26.78,8.77
22.73,6.71
40.22,37.95
26.56,9.74
26.92,9.76
17.87,3.37
53.26,81.26
45.57,58.87
28.41,11.32
26.55,8.51
28.7,11.32
22.24,6.67
42.14,45.02
26.93,9.88
22.49,6.52
55.04,97.37
28.63,11.43
24.32,8.08
42.37,37.36
28.9,11.39
56.35,96.67
18.75,3.96
26.22,9.28
24.76,7.65
40.25,37.74
57.34,99.33
26.64,9.46
55.16,104.85
56.12,104.54
22.82,6.25
45.89,53.92
45.0,56.65
41.81,41.4
28.05,10.68
55.68,99.45
26.88,8.7
17.55,1.97
28.06,10.42
48.41,59.0
24.99,8.19
24.34,8.36
23.0,6.89
52.77,74.78
24.07,7.59
26.48,9.13
28.29,10.92
51.88,77.85
26.05,9.06
24.91,8.24
43.26,38.65
28.1,10.58
22.46,6.96
52.61,81.02
48.31,58.8
22.11,6.91
48.77,49.76
26.89,9.29
28.29,11.42
22.96,6.67
22.14,6.62
42.51,39.45
28.12,10.51
26.19,9.72
52.41,71.44
24.57,7.9
56.11,102.51
24.24,8.11
47.77,49.16
53.04,74.12
24.21,8.21
17.93,2.68
22.03,6.47
20.04,5.66
17.01,2.36
24.58,7.28
26.74,9.05
47.33,56.93
55.52,109.98
47.87,55.88
20.94,5.75
22.4,6.35
43.05,38.65
46.94,54.41
22.64,6.31
50.22,72.65
22.02,6.65
28.41,10.59
20.29,5.02
42.54,43.77
50.26,73.73
28.13,11.44
45.83,51.91
28.17,10.03
47.03,49.34
51.64,77.77
26.1,8.9
26.61,9.44
28.38,10.3
24.05,7.19
20.74,5.29
41.88,39.7
24.88,7.4
41.96,42.93
20.4,5.6
28.79,10.78
18.22,3.55
28.38,10.74
24.61,7.89
17.69,1.41
17.35,2.83
50.05,74.94
51.56,78.88
28.07,10.47
47.25,56.17
58.1,92.08
42.79,44.11
43.03,43.67
18.56,3.88
28.38,10.2
47.61,57.52
52.15,75.63
20.77,5.71
43.8,41.82
52.08,75.67
52.24,71.92
22.9,6.01
42.23,37.51
28.32,10.97
17.67,2.13
28.4,11.24
20.42,5.23
46.66,51.32
56.16,100.62
40.24,42.95
20.37,5.58
26.5,9.39
43.3,44.87
47.87,59.19
41.62,37.68
22.26,6.1
52.39,70.9
58.64,104.27
26.15,9.5
45.1,51.68
46.46,52.13
58.0,93.82
48.41,59.29
43.69,42.66
18.94,3.88
28.46,10.39
18.37,3.16
52.99,75.14
57.95,92.08
24.68,8.47
17.98,1.63
28.57,10.45
50.21,81.06
24.23,7.91
28.53,10.01
56.15,102.04
18.57,1.97
28.46,10.45
46.08,52.22
58.38,100.23
43.98,39.26
52.5,78.62
45.05,49.95
50.89,73.77
26.08,8.86
51.67,80.71
56.5,106.31
50.42,81.08
24.83,7.98
58.42,92.75
22.2,6.15
24.1,7.98
26.79,9.04
51.38,74.55
41.31,42.4
41.33,43.77
26.13,9.88
58.48,93.57
56.87,106.12
28.67,10.47
58.02,93.36
48.74,56.68
17.29,4.31
51.06,77.8
24.48,7.45
28.06,11.15
51.16,79.36
50.34,71.32
28.25,10.57
40.11,41.82
17.43,2.87
41.72,37.72
55.21,108.9
22.45,6.08
41.6,41.22
26.93,9.33
18.95,4.71
47.99,50.72
56.37,98.65
42.53,45.03
17.19,1.14
24.78,7.73
24.06,7.26
26.87,8.56
47.11,58.54
26.72,8.93
18.79,4.81
18.32,1.05
26.19,9.1
57.4,105.75
41.59,40.91
22.96,6.22
26.09,9.01
51.43,77.82
18.27,3.91
48.5,53.51
57.59,97.72
17.98,3.52
51.7,79.18
52.01,69.16
20.55,5.86
40.37,38.88
40.99,38.79
47.79,51.67
55.57,102.09
18.91,1.26
28.13,10.83
47.95,56.61
28.95,10.76
24.49,7.27
53.74,74.46
43.13,44.22
18.95,4.6
22.34,6.42
40.22,44.99
50.06,71.14
24.12,7.77
22.69,6.68
52.08,68.05
22.98,6.81
58.36,102.73
26.26,8.82
53.72,70.45
58.46,105.28
46.18,54.7
22.66,6.18
20.32,5.18
40.77,44.01
28.3,10.13
48.42,49.65
48.46,53.08
56.48,98.38
24.33,7.37
26.98,9.04
28.42,10.28
22.56,6.96
58.46,102.46
45.36,52.24
50.85,76.15
52.67,76.02
24.68,7.31
43.74,44.73
55.01,93.81
58.3,96.16
56.01,96.34
22.49,6.18
20.94,5.19
48.76,50.59
18.98,3.35
47.87,57.79
47.56,56.22
18.5,3.86
42.23,42.72
45.44,51.87
22.48,6.94
18.82,4.7
22.35,6.63
26.21,8.52
58.79,93.7
46.5,55.3
18.68,4.49
52.33,76.92
26.52,9.88
50.1,71.85
50.39,72.45
53.6,76.14
53.73,71.06
58.94,92.77
57.74,107.95
22.27,6.23
53.68,78.77
28.23,10.31
50.55,78.67
43.01,37.72
17.97,3.76
42.09,43.38
40.58,45.04
58.29,95.75
46.63,53.39
53.72,80.31
53.87,72.65
28.72,10.35
58.04,93.86
58.33,99.95
18.56,4.46
20.48,5.54
28.72,10.99
28.09,11.36
47.46,51.11
46.11,54.07
40.89,42.7
20.22,5.95
20.62,5.3
26.77,9.53
41.05,38.03
45.98,50.31
22.14,6.95
22.83,6.95
56.79,101.13
17.1,2.73
20.11,5.14
18.88,3.89
20.55,5.76
26.55,9.03
20.2,5.86
28.89,11.0
18.04,4.2
28.91,11.5
52.8,81.15
22.88,6.53
28.42,10.82
48.55,58.98
56.34,109.9
48.67,54.8
22.54,6.09
20.33,5.23
53.63,80.39
17.15,4.81
41.71,43.92
58.35,101.96
52.18,71.83
26.87,8.73
45.59,57.56
45.23,53.13
20.63,5.8
24.68,7.54
55.37,107.25
51.13,71.92
47.61,57.8
20.91,5.52
55.31,102.07
56.29,97.4
41.54,40.76
22.9,6.11
51.58,71.23
24.03,8.33
48.77,52.95
53.54,67.47
50.95,72.45
51.71,67.98
24.88,7.63
20.28,5.25
17.6,3.96
24.33,7.57
22.79,6.31
45.33,54.05
24.14,7.57
46.35,53.28
52.34,71.85
20.87,5.14
50.55,76.06
55.37,97.66
24.39,7.66
20.8,5.71
28.74,10.35
47.7,54.37
55.37,100.85
53.41,75.67
52.71,80.6
28.56,10.77
20.25,5.81
56.15,104.17
24.88,7.34
41.57,40.93
53.23,79.74
17.29,3.03
24.61,7.53
55.85,93.8
28.39,10.41
26.24,9.66
22.92,6.52
17.77,4.32
20.09,5.71
40.56,39.79
40.32,41.99
22.36,6.11
57.63,97.88
20.84,5.96
29.0,11.37
18.88,2.11
24.23,8.37
18.66,2.66
26.39,9.91
20.51,5.06
43.21,44.71
20.53,5.7
26.49,9.18
45.06,59.11
20.26,5.05
43.5,43.29
17.91,1.99
51.74,78.38
24.25,7.22
56.97,96.81
28.41,10.19
22.42,6.34
45.13,55.01
28.47,11.2
56.03,103.23
22.16,6.88
47.95,59.06
22.97,6.49
22.8,6.65
58.52,105.68
43.42,43.02
52.85,79.6
26.82,9.77
24.8,7.46
40.28,37.52
53.52,81.17
20.94,5.42
18.53,1.42
28.09,10.18
22.71,6.39
40.83,39.52
26.42,9.46
17.35,3.31
26.06,9.8
20.04,5.44
20.16,5.84
47.54,54.04
48.29,58.1
45.95,55.55
42.35,43.85
20.56,5.63
17.61,1.41
53.54,81.21
20.47,5.22
28.97,10.52
57.85,96.77
24.78,7.6
41.3,41.03
41.58,44.65
46.63,54.95
20.04,5.48
20.93,5.99
40.1,39.95
22.84,6.49
28.97,10.2
55.46,102.87
57.49,92.48
18.5,1.18
41.23,39.27
53.53,71.02
57.61,109.84
24.59,8.08
26.46,8.68
40.48,38.27
17.65,2.07
58.09,108.63
24.49,7.19
20.43,5.65
42.68,38.35
51.19,73.86
18.0,3.67
22.04,6.75
28.62,10.95
28.95,10.79
20.41,5.35
24.86,7.65
53.65,78.22
24.76,8.44
57.91,92.34
18.77,4.62
41.52,39.44
26.33,8.83
42.76,41.67
17.8,3.0
17.41,1.97
53.08,76.44
58.59,98.68
20.43,5.37
40.77,43.1
20.99,5.81
52.62,67.3
52.94,71.03
20.65,5.05
57.34,102.73
42.31,42.81
20.88,5.55
22.51,6.02
53.85,74.38
50.8,76.86
20.15,5.16
26.13,9.46
20.18,5.64
20.57,5.56
41.41,37.62
28.74,11.31
46.46,55.42
18.46,3.01
24.42,8.12
28.99,10.99
28.12,11.12
57.7,92.32
24.86,8.08
57.45,96.77
17.18,1.18
24.23,7.52
17.4,2.99
28.64,11.42
53.67,67.34
17.74,2.37
20.76,5.09
43.44,37.39
26.85,9.89
47.55,50.01
56.07,101.27
17.06,2.35
52.21,78.21
51.87,77.67
57.79,98.41
28.38,10.26
43.28,43.97
45.22,54.82
17.07,3.12
20.32,5.34
17.24,4.43
55.41,100.11
46.12,57.09
48.71,54.65
46.63,58.1
58.54,94.81
48.49,55.01
50.47,73.79
22.79,6.4
42.5,43.33
18.66,1.43
22.1,6.06
28.71,10.29
26.07,8.69
22.83,6.13
50.48,71.04
43.22,44.44
41.47,41.41
40.47,43.5
55.68,105.76
22.61,6.19
45.54,53.36
52.03,81.28
28.49,11.47
26.56,9.95
26.3,9.17
52.54,73.64
26.97,9.34
41.03,39.67
22.07,6.03
28.35,10.13
45.84,59.16
51.62,72.0
28.71,10.11
26.96,8.68
48.95,49.5
55.96,108.6
20.87,5.16
20.91,5.02
28.45,10.26
20.48,5.94
46.59,57.13
28.55,10.43
24.99,7.46
24.63,7.21
53.74,79.44
22.41,6.4
17.07,2.58
43.06,38.64
41.52,39.77
41.06,39.88
48.45,51.96
41.87,42.64
41.73,40.75
20.94,5.95
24.05,7.56
17.46,1.13
56.25,93.13
28.56,11.08
28.12,10.77
20.49,5.93
22.04,6.87
43.24,44.64
18.7,1.69
26.55,8.61
22.34,6.66
48.85,51.36
56.62,103.68
26.45,8.78
45.9,58.68
24.65,8.48
26.63,9.69
46.79,53.78
26.56,9.13
51.94,68.54
26.7,8.54
44.0,43.16
26.55,8.52
24.34,7.12
48.93,52.79
28.99,10.91
28.27,11.37
50.07,78.66
28.74,10.94
26.41,9.3
51.01,72.89
28.9,10.22
55.32,92.02
55.55,94.47
57.05,91.33
55.33,105.94
24.22,7.67
17.23,2.16
24.05,8.22
47.0,53.22
55.76,109.33
40.83,38.48
26.31,9.46
58.96,104.18
57.32,101.24
20.5,5.48
56.25,103.7
20.63,5.32
43.63,38.82
24.72,7.83
56.87,97.24
20.61,5.17
24.34,7.84
18.9,4.63
56.55,92.7
20.12,5.57
28.82,10.27
28.95,10.89
47.88,58.27
20.59,5.22
18.93,4.68
26.61,9.34
40.85,44.12
28.44,11.37
20.79,5.29
51.96,74.39
17.46,1.48
26.04,9.0
17.22,4.15
20.51,5.37
57.23,103.74
57.57,91.49
41.04,37.42
57.37,102.45
58.47,94.96
24.41,8.08
48.07,54.6
46.31,49.3
41.67,40.91
56.81,108.38
26.51,8.82
18.68,4.86
50.58,78.66
24.41,7.88
58.85,106.58
20.56,5.36
48.57,58.17
22.38,6.26
18.38,2.81
46.64,53.78
18.87,4.49
18.73,2.66
24.14,8.48
28.3,10.26
46.35,51.0
41.4,38.05
20.26,5.01
20.23,5.08
24.82,7.02
55.34,106.5
26.24,9.12
50.47,80.43
52.48,80.65
26.64,9.11
28.89,10.03
56.4,100.93
52.32,67.32
41.16,44.31
40.99,43.14
28.41,11.17
26.73,9.71
20.35,5.34
51.99,69.13
28.53,11.47
46.57,52.48
48.33,52.33
55.98,103.77
56.34,103.75
18.07,4.27
18.52,3.39
20.36,5.54
58.1,109.26
28.13,10.04
41.13,40.94
17.8,2.56
28.77,10.84
50.44,80.16
28.29,10.8
51.46,75.1
55.63,104.8
24.42,7.72
41.62,40.56
26.15,9.93
18.94,2.0
26.68,8.57
50.84,68.63
42.01,43.12
43.44,37.8
20.04,5.73
22.29,6.3
42.68,41.28
20.52,5.81
18.47,1.77
55.18,105.65
24.68,7.41
50.77,73.75
41.23,38.81
42.87,38.11
56.55,94.57
51.17,80.76
22.48,6.14
24.18,8.28
22.87,6.16
55.48,105.57
51.26,72.1
22.69,6.65
18.54,4.72
22.67,6.2
28.53,11.07
48.66,50.45
24.25,7.06
55.83,109.44
47.76,58.18
57.84,103.36
55.07,95.75
28.07,11.34
26.16,8.84
43.14,40.68
40.33,40.55
55.68,102.31
22.43,6.25
22.59,6.21
20.66,5.1
41.5,40.37
45.96,56.88
17.61,4.92
28.75,10.52
26.53,9.17
22.7,6.11
20.52,5.84
43.16,43.03
20.81,5.56
28.56,11.5
28.88,10.89
18.55,3.32
28.83,10.06
24.72,7.89
26.83,9.46
51.83,73.74
26.31,9.1
46.42,49.53
20.4,5.86
48.5,56.32
40.87,43.72
20.62,5.63
56.25,104.41
20.78,5.4
22.46,6.21
26.36,9.78
40.09,43.76
50.68,78.89
20.39,5.9
51.36,67.53
52.42,74.77
47.54,53.35
50.68,73.25
26.51,9.27
17.59,4.99
24.28,8.12
50.44,75.56
57.35,92.55
26.36,9.74
20.39,5.01
17.77,3.56
48.3,58.14
42.19,42.78
18.38,4.25
58.26,95.86
52.71,80.02
55.27,95.49
51.19,68.2
50.61,77.96
20.2,5.44
28.97,10.01
26.17,9.96
24.84,7.75
18.86,4.36
17.92,4.36
20.42,5.09
41.53,43.1
40.37,41.29
40.13,40.62
46.41,55.0
26.84,9.87
55.25,106.58
50.7,67.86
24.41,8.08
18.97,4.49
20.45,5.65
24.33,7.19
26.71,8.92
58.48,100.63
18.79,3.29
57.68,95.79
41.33,44.58
55.09,107.6
24.31,7.68
20.53,5.37
26.43,9.19
45.13,51.35
55.77,109.32
57.8,91.47
45.6,57.64
41.2,40.84
52.59,69.42
20.91,5.47
52.89,79.45
46.07,52.06
24.55,7.44
45.61,56.38
24.74,7.01
17.83,2.13
20.42,5.74
48.1,49.46
56.3,103.52
20.9,5.21
55.21,94.81
17.42,4.04
46.63,52.0
46.8,59.33
56.63,91.14
22.21,6.68
40.85,39.3
22.35,6.09
52.0,73.76
24.95,7.74
22.2,6.96
48.51,56.31
26.87,9.88
28.22,11.03
28.67,10.49
41.1,39.65
28.36,10.77
42.16,37.59
28.32,10.84
24.44,8.36
50.97,80.12
50.95,75.04
20.91,5.68
22.18,6.85
42.27,42.5
52.23,80.42
26.36,9.36
47.6,59.36
24.69,7.65
18.53,3.36
26.33,9.74
20.54,5.73
24.85,7.78
26.31,9.72
58.49,108.56
45.67,56.97
20.65,5.13
42.18,37.59
43.38,37.41
24.33,8.08
28.62,10.68
28.83,10.82
43.05,43.19
52.74,69.52
55.3,105.78
28.89,11.01
20.64,5.43
58.08,94.24
45.32,54.16
57.12,95.22
42.93,39.96
58.77,103.43
45.05,55.03
17.87,2.42
22.24,6.65
24.97,7.81
28.41,10.9
50.25,79.7
18.04,2.05
28.83,10.42
42.26,40.31
24.81,7.48
22.13,6.79
47.74,56.11
56.78,98.32
40.35,40.59
43.18,37.96
28.28,11.16
52.21,71.44
45.79,50.82
43.3,39.05
26.75,8.92
22.37,6.33
52.47,76.4
45.47,55.09
26.07,9.84
26.29,8.92
46.05,53.42
18.98,3.32
58.33,108.03
47.9,50.27
26.26,8.93
18.82,3.51
50.25,75.07
20.2,5.78
56.35,109.37
40.54,44.98
28.4,10.82
46.0,55.79
20.9,5.62
20.05,5.71
20.66,5.02
20.98,5.02
45.55,55.89
24.27,8.4
26.97,8.95
26.45,8.93
18.55,1.39
57.46,101.27
53.96,68.49
24.84,7.34
20.21,5.24
20.88,5.92
20.52,5.2
40.65,40.48
26.66,8.66
24.84,7.32
24.65,8.15
20.2,5.2
56.17,102.92
56.96,108.99
52.69,73.51
52.89,69.56
43.26,40.94
57.33,92.3
51.7,72.55
53.16,71.68
57.57,108.58
43.73,38.86
26.82,9.13
22.4,6.03
52.0,74.23
18.78,4.44
22.06,6.27
26.04,8.79
20.06,5.32
41.31,39.9
22.33,6.82
47.23,57.2
51.03,68.81
24.75,7.29
17.02,3.17
40.92,40.11
28.67,10.88
18.32,4.03
28.14,10.68
28.47,10.34
22.33,6.02
22.12,6.6
18.9,4.22
58.83,101.73
56.37,96.11
26.07,9.62
20.55,5.7
46.76,59.1
43.17,44.01
52.44,71.71
17.24,3.89
26.86,8.61
22.44,6.75
57.85,91.19
47.52,57.82
17.62,4.28
28.02,10.33
20.14,5.32
40.79,41.76
46.91,51.42
24.42,8.25
48.18,58.56
28.75,10.94
20.47,5.1
41.23,39.0
40.41,39.88
58.79,104.05
18.33,3.03
51.36,72.58
18.38,3.33
56.81,91.29
24.21,8.45
46.45,56.62
53.45,71.82
46.25,50.04
52.35,77.94
20.62,5.79
57.35,95.47
17.0,4.84
17.08,4.93
20.07,5.92
48.42,52.24
26.61,8.95
22.35,6.62
17.42,1.13
26.1,9.14
48.26,56.15
45.0,57.11
17.95,4.16
26.15,9.54
48.59,49.49
40.06,43.99
40.64,42.19
42.07,43.06
58.25,98.54
20.77,5.77
20.37,5.18
20.76,5.08
56.2,108.42
47.12,49.54
53.68,80.77
24.64,8.13
43.61,44.43
26.07,9.26
47.11,53.89
20.73,5.38
45.51,57.16
24.33,8.02
20.85,5.23
22.92,6.76
28.7,11.49
24.05,7.32
24.02,7.03
20.01,5.84
47.47,57.81
22.9,6.94
20.73,5.15
42.96,38.79
17.27,4.48
51.76,67.91
51.31,67.9
20.9,5.35
55.65,99.36
40.33,40.89
42.35,37.56
26.64,9.78
56.0,95.82
47.44,58.53
28.72,10.67
22.64,6.06
42.25,44.58
55.88,108.15
56.34,94.61
41.38,41.4
47.16,57.55
47.52,51.15
50.15,73.21
47.61,58.13
40.12,37.73
48.13,53.79
55.87,106.34
22.74,6.87
26.91,9.14
42.18,44.08
52.09,73.5
22.58,6.73
26.77,9.17
50.11,68.35
51.3,70.29
43.92,37.44
41.33,38.09
20.54,5.97
47.6,53.84
28.83,10.05
20.03,5.48
47.92,50.61
43.68,40.27
22.62,6.45
41.91,39.13
26.46,9.33
28.19,10.28
48.03,52.68
24.3,7.6
22.49,6.79
50.99,72.51
51.0,70.11
55.26,107.57
17.4,1.35
53.8,69.68
26.01,9.23
45.21,56.5
56.76,98.42
56.92,91.41
20.41,5.25
24.52,7.65
40.11,38.49
52.64,79.19
57.58,100.96
55.57,96.15
22.94,6.39
58.92,94.03
26.89,8.68
54.0,69.89
42.7,38.74
40.44,44.81
28.98,10.95
41.71,40.18
17.44,1.1
20.84,5.53
58.26,97.13
50.11,74.78
22.03,6.22
47.75,50.06
55.61,101.61
28.29,11.0
51.5,75.87
26.83,9.52
17.64,1.53
24.19,8.03
46.7,55.71
43.49,42.39
26.87,8.82
24.85,8.21
22.83,6.89
20.64,5.91
48.24,56.86
24.31,7.13
48.39,54.04
46.6,53.11
26.83,8.89
18.71,1.98
52.21,67.93
57.22,96.24
41.7,43.71
18.43,1.65
20.21,5.94
55.24,106.6
58.73,105.36
24.8,7.5
22.12,6.62
42.65,38.88
20.82,5.03
22.63,6.72
26.92,8.58
50.95,69.92
52.76,72.57
53.93,75.96
56.26,98.58
46.47,57.28
22.48,6.54
28.42,10.12
24.29,7.36
45.68,50.85
18.13,4.62
46.61,54.85
50.54,80.61
47.41,58.13
20.08,5.48
24.95,7.48
28.77,10.03
43.83,44.71
56.73,107.98
45.9,51.5
26.85,9.04
43.99,38.38
58.67,99.6
43.31,41.62
26.3,9.71
57.9,92.1
46.76,57.81
51.89,75.78
57.02,109.0
18.87,1.61
48.97,58.57
40.37,39.19
45.23,54.2
26.13,9.3
24.2,7.96
45.79,59.04
52.53,80.43
56.87,92.38
55.71,95.5
46.6,51.79
53.04,70.17
51.5,79.12
28.57,10.91
46.91,57.38
20.99,5.1
17.36,1.37
43.23,43.25
56.9,96.32
18.03,2.63
41.71,40.28
17.25,1.0
43.85,40.64
40.12,41.85
24.22,7.75
22.74,6.74
24.07,8.45
42.85,43.39
20.17,5.36
26.06,8.59
45.02,58.73
20.51,5.03
48.6,50.01
51.62,72.49
24.09,8.44
47.86,52.61
46.99,53.2
22.57,6.33
45.92,56.6
18.57,3.77
17.93,3.36
28.98,10.03
24.43,7.37
20.3,5.72
28.98,11.39
57.25,94.46
53.01,68.25
50.02,69.18
26.27,9.59
17.15,1.85
23.0,6.83
20.89,5.83
57.92,101.02
50.67,73.78
56.67,93.71
22.67,6.59
20.23,5.15
42.45,42.15
48.92,58.58
56.42,100.63
57.14,100.01
28.13,10.78
26.82,9.5
53.86,77.35
28.94,10.55
24.06,7.66
58.96,106.76
18.07,4.29
18.59,4.71
56.95,94.86
45.29,55.48
18.71,2.94
28.24,10.94
18.72,2.42
50.77,76.68
22.78,6.55
20.61,5.47
24.38,8.31
28.57,10.33
18.9,2.14
20.27,5.96
46.68,56.64
48.75,50.39
52.34,71.59
17.6,3.76
42.81,42.34
48.88,54.61
41.76,44.64
28.43,10.68
24.91,8.08
22.93,6.97
48.8,57.18
28.59,11.18
22.1,6.6
24.18,7.21
18.81,4.19
26.71,9.98
50.23,78.98
52.98,77.32
20.83,5.44
26.31,8.81
28.74,10.25
56.06,104.62
28.69,10.41
18.32,4.17
43.61,43.14
50.32,68.03
18.93,3.01
52.44,72.67
26.46,8.82
45.57,58.09
58.71,92.77
26.34,9.08
24.17,7.52
26.63,9.04
20.82,5.37
43.93,44.0
26.99,8.55
26.17,9.07
28.9,11.44
24.74,7.58
50.32,72.96
28.87,10.13
20.05,5.48
22.57,6.02
20.46,5.48
28.11,10.71
58.97,99.85
41.16,42.09
57.2,100.18
41.3,44.44
51.51,79.92
41.81,41.18
24.18,7.53
24.81,8.14
26.73,9.34
24.03,7.67
46.96,50.45
47.25,58.31
41.8,44.91
47.63,50.7
46.83,50.62
20.71,5.57
24.69,7.74
57.43,93.78
22.05,6.78
52.92,74.64
42.95,42.49
57.86,109.89
41.05,38.0
41.12,44.33
28.93,11.29
47.93,53.55
18.61,4.22
56.5,91.36
24.92,7.35
26.86,8.85
42.7,38.89
52.31,76.84
20.56,5.85
28.25,11.0
47.7,52.58
48.11,52.05
28.99,11.26
56.23,103.1
26.04,9.28
55.29,101.05
26.2,9.52
43.82,39.26
20.91,5.46
26.39,9.27
28.65,10.17
41.82,44.12
26.49,9.26
18.92,4.29
20.64,5.61
20.29,5.72
43.98,40.53
24.27,7.79
46.43,50.3
48.79,56.85
18.06,4.93
53.38,77.59
42.96,40.2
18.69,4.96
41.87,45.05
24.39,7.11
24.74,7.17
42.12,39.96
48.11,53.88
41.91,41.82
28.76,10.81
56.97,109.07
52.41,74.21
20.62,5.26
28.74,11.19
26.7,9.91
24.92,7.75
28.79,10.64
28.24,10.66
26.37,9.97
28.22,11.07
55.47,101.67
24.27,8.34
20.4,5.08
20.43,5.21
40.96,41.67
47.31,55.06
40.62,38.56
55.2,101.87
22.49,6.27
50.78,78.16
28.23,10.29
55.25,96.4
56.47,109.04
48.78,58.13
24.69,7.36
28.82,11.23
52.88,75.14
57.91,102.07
22.94,6.05
24.18,7.35
45.84,49.77
46.71,59.16
26.89,9.39
48.7,57.88
24.58,7.22
24.89,8.16
26.69,9.24
24.15,7.3
28.03,10.93
18.27,2.63
52.47,78.97
20.45,5.71
18.36,3.15
46.52,58.37
56.8,103.53
18.07,1.25
28.9,10.33
40.08,38.82
47.88,55.39
26.01,8.73
47.36,56.56
58.93,93.15
22.39,6.73
52.66,75.65
26.61,9.33
26.03,9.85
43.13,44.18
26.09,8.93
46.13,52.28
56.15,104.08
43.31,39.77
50.13,71.32
26.91,9.56
20.15,5.94
24.66,8.02
52.62,81.08
28.11,10.91
51.89,77.31
56.14,93.58
24.7,7.87
48.84,53.57
28.78,10.27
53.08,75.58
22.95,6.18
51.88,75.95
42.5,43.41
20.24,5.24
28.83,10.59
20.39,5.18
55.23,104.34
56.82,97.95
20.74,5.52
45.5,49.73
41.8,44.92
22.21,6.87
45.3,56.06
51.19,73.11
22.32,6.29
48.7,53.82
40.39,42.17
47.32,55.21
46.69,56.16
22.56,6.15
24.54,8.48
46.82,54.71
40.87,43.69
46.09,51.32
48.38,57.25
50.04,79.27
57.9,105.41
57.95,98.04
50.48,71.0
28.16,10.1
28.99,10.4
26.97,9.01
28.28,10.04
26.53,9.78
26.07,9.59
56.96,93.96
53.36,75.67
58.5,95.39
24.69,7.52
57.75,106.42
26.31,9.45
43.68,38.33
42.26,37.58
18.77,4.01
55.17,106.81
53.02,69.96
56.54,97.24
24.84,8.12
41.6,42.5
46.11,57.94
26.66,8.86
43.15,44.88
46.31,51.05
56.73,96.97
47.57,50.16
46.55,50.5
51.07,78.5
50.75,73.03
26.65,9.45
50.51,69.77
26.99,9.94
53.65,68.64
24.76,8.49
24.77,7.89
56.94,90.99
22.26,6.8
53.5,70.49
20.49,5.8
50.22,70.0
41.29,45.03
51.68,78.79
20.62,5.33
56.31,100.79
24.93,7.73
47.25,55.28
28.16,10.75
24.69,7.25
56.54,96.56
58.77,98.54
26.62,8.67
24.56,7.01
26.4,8.8
24.29,7.1
47.68,49.69
45.8,56.21
24.94,7.07
17.79,2.31
52.35,79.34
56.2,95.75
18.98,2.27
17.11,3.44
58.38,101.33
22.6,6.43
41.26,42.46
24.92,7.91
24.72,8.03
40.51,37.44
22.81,6.04
48.01,54.8
24.24,7.97
50.87,74.52
58.41,98.7
57.88,101.9
48.51,58.23
42.78,38.94
56.19,101.38
57.96,96.9
17.1,1.09
26.46,9.87
18.38,3.76
28.04,10.42
22.94,6.25
20.28,5.49
22.66,6.76
22.17,6.12
48.26,56.39
40.41,37.35
24.78,7.64
53.43,79.99
18.74,4.4
46.55,56.54
17.82,4.24
50.38,71.14
58.26,108.77
20.52,5.8
48.96,52.87
22.38,6.95
18.95,2.48
57.84,100.15
26.25,9.0
28.15,11.46
53.69,80.33
26.36,9.79
46.83,49.3
26.4,8.85
26.84,9.03
42.77,44.21
46.57,51.07
20.92,5.45
26.51,9.76
42.88,41.76
41.27,42.02
28.88,10.96
58.87,96.83
58.33,103.0
42.92,40.35
24.46,7.21
46.7,55.64
22.28,6.39
53.83,81.31
40.45,41.35
28.62,10.17
28.94,11.06
24.14,8.17
57.89,95.68
24.79,8.47
28.62,10.3
24.83,8.28
42.55,37.63
18.43,2.67
24.07,7.69
51.53,73.57
20.03,5.51
24.26,7.79
22.87,6.67
45.08,55.33
45.85,58.06
47.71,56.91
28.45,10.29
47.49,54.64
48.35,56.38
24.73,8.29
48.75,51.86
24.38,7.96
47.61,57.75
22.94,6.9
48.64,52.52
