52.07,78.55
45.86,56.89
48.4,51.9
51.72,76.76
48.21,49.55
22.27,6.21
58.26,100.54
38.28,26.35
17.44,4.85
53.22,77.54
45.09,50.49
58.7,106.82
24.14,7.71
26.81,9.62
41.49,44.29
53.46,76.31
58.22,98.76
22.51,6.28
17.68,4.01
45.13,54.57
55.74,91.79
24.99,8.32
20.68,5.89
58.39,96.6
17.28,2.03
17.32,2.53
35.53,25.37
20.82,5.93
18.21,4.8
36.83,24.79
20.58,5.93
35.19,26.61
22.42,6.3
36.25,25.72
24.32,8.27
28.57,11.16
36.94,25.08
41.73,39.32
50.35,75.63
50.37,68.41
41.12,42.59
20.85,5.36
51.35,81.1
52.95,78.25
26.17,8.98
38.3,25.18
22.2,6.09
37.24,26.14
55.78,101.4
57.32,109.67
20.18,5.9
17.13,3.09
58.92,94.23
18.51,2.53
37.7,27.17
53.88,78.69
37.31,27.85
17.02,2.49
35.22,28.29
53.27,80.92
22.11,6.54
26.62,9.36
28.47,11.17
20.81,5.23
53.59,80.69
46.19,50.86
42.3,37.46
57.73,101.08
42.03,37.61
47.54,52.14
24.38,8.26
28.06,10.95
38.47,28.15
42.01,37.45
55.97,109.59
52.36,70.76
26.1,9.18
53.22,70.65
24.23,7.22
28.64,10.91
43.83,44.59
22.74,6.72
18.18,2.4
18.26,4.32
53.13,73.96
35.79,27.76
37.36,25.39
58.32,96.56
18.11,4.49
42.82,38.39
55.21,95.22
40.29,39.74
43.42,39.23
37.79,27.62
24.25,7.33
24.18,7.45
37.61,28.4
20.61,5.83
52.55,75.96
18.23,1.13
26.16,9.9
22.83,6.19
18.83,3.06
26.46,9.97
17.23,3.67
26.57,8.77
20.05,5.48
52.64,74.81
28.68,10.41
28.46,10.55
26.97,9.69
28.71,11.13
38.5,29.45
24.68,7.97
37.44,26.45
20.18,5.84
22.67,6.9
22.73,6.68
22.11,6.49
38.77,28.84
20.61,5.12
22.7,6.95
47.34,57.26
22.14,6.58
28.35,10.59
18.77,3.31
42.36,43.85
26.28,9.1
24.2,8.08
48.72,56.6
51.17,78.42
26.01,9.04
43.71,40.77
45.86,52.63
22.81,6.86
46.42,58.1
22.0,6.57
18.73,4.6
18.47,4.87
24.93,7.51
53.31,67.95
28.82,10.52
22.67,6.08
58.21,96.0
38.95,29.67
26.39,8.68
53.82,80.48
55.74,98.14
22.76,6.92
22.03,6.93
26.86,8.76
50.64,79.05
26.77,8.51
17.18,3.9
28.51,10.14
20.97,5.92
18.75,1.77
28.86,10.67
20.12,5.42
56.06,93.95
20.66,5.61
20.22,5.9
17.18,3.97
26.04,8.78
53.68,68.38
56.39,98.64
26.65,9.13
26.11,8.8
46.5,55.41
45.98,56.59
37.5,24.83
48.33,52.95
18.88,3.85
20.63,5.3
40.28,43.83
20.99,5.39
28.23,10.18
20.05,5.56
28.45,11.16
46.19,53.79
40.07,41.38
41.07,41.68
22.62,6.41
37.65,24.6
43.93,40.37
36.2,27.53
26.93,8.68
45.73,50.27
17.4,4.7
42.26,42.28
20.82,5.54
26.53,9.57
58.52,92.75
26.03,8.66
37.92,26.31
58.6,100.43
52.28,77.97
47.58,54.46
28.14,11.19
17.34,1.06
46.81,56.67
41.02,42.82
50.83,77.58
26.85,9.52
20.84,5.78
26.47,9.32
22.55,6.33
22.25,6.76
48.16,56.71
26.64,9.61
57.3,100.09
28.75,11.46
36.79,25.16
28.51,10.82
36.14,25.64
47.62,56.3
57.49,103.39
56.1,93.37
57.7,101.91
48.37,58.34
24.59,8.18
18.28,1.14
24.6,7.2
24.65,7.99
28.89,10.79
17.14,1.78
57.32,98.68
46.62,58.4
58.11,105.98
18.82,1.84
20.71,5.88
22.39,6.01
24.01,7.29
26.61,9.7
28.05,10.06
56.04,96.35
20.15,5.99
26.25,9.65
52.25,75.03
28.98,11.24
37.96,27.5
26.75,9.74
24.7,7.41
20.11,5.44
20.8,5.31
47.88,53.62
46.27,50.4
56.99,102.77
20.86,5.08
24.67,8.25
24.75,7.55
22.44,6.79
52.65,80.83
20.07,5.69
22.62,6.23
45.11,58.56
28.42,10.67
58.62,108.0
22.56,6.24
20.64,5.83
51.25,67.82
28.08,11.14
35.11,28.4
48.78,58.25
18.24,1.74
35.25,24.9
51.51,74.61
17.1,3.32
46.86,49.41
22.72,6.97
47.04,51.12
26.64,8.71
20.1,5.35
26.94,8.94
28.02,10.44
41.94,40.47
51.18,77.24
18.57,2.29
24.35,8.36
58.03,108.81
51.96,70.35
55.1,102.43
26.87,9.86
20.55,5.79
53.08,73.15
26.13,8.98
28.27,10.74
36.53,25.32
28.47,11.48
51.13,77.12
20.27,5.66
26.92,9.71
36.12,26.74
24.56,8.21
22.58,6.12
48.72,54.49
40.03,45.01
20.55,5.75
26.92,9.26
38.3,25.22
52.02,76.4
24.58,8.13
24.11,7.58
17.66,2.83
20.72,5.24
46.91,50.64
22.23,6.17
26.48,9.75
20.42,5.65
24.92,8.28
41.33,44.3
20.3,5.23
42.14,38.02
35.04,28.96
24.96,8.43
17.39,3.53
47.89,50.98
52.23,70.29
28.59,11.11
22.01,6.8
58.11,109.93
37.24,26.3
45.4,49.38
22.57,6.37
18.0,2.11
22.2,6.75
43.41,40.35
28.04,11.06
17.26,2.38
48.43,56.28
26.67,9.75
26.7,9.7
18.35,4.93
50.21,68.04
17.8,1.28
58.56,107.96
20.43,5.44
24.82,7.51
28.64,11.12
58.94,102.52
48.96,53.68
26.69,9.75
50.41,72.59
22.55,6.19
20.85,5.49
28.3,10.38
17.28,1.06
24.52,8.21
37.93,28.81
58.4,91.5
20.11,5.67
26.13,9.56
38.16,25.38
51.71,77.24
41.7,41.29
51.24,76.65
58.1,97.96
28.81,11.2
27.0,9.51
52.84,75.41
28.81,11.36
47.77,57.55
18.74,1.28
52.23,76.11
57.1,93.09
22.13,6.91
26.38,9.3
41.57,38.25
17.17,1.2
56.01,103.12
20.33,5.81
45.63,50.82
47.01,52.04
22.71,6.6
18.06,1.03
38.47,25.26
20.56,5.77
58.62,99.81
22.32,6.46
22.93,6.14
24.63,8.03
17.14,1.89
57.66,104.59
22.71,6.69
41.82,42.68
48.84,59.24
26.78,8.84
22.75,6.93
26.67,8.73
17.33,2.85
22.44,6.41
17.95,4.77
24.65,7.48
52.17,67.48
36.14,25.82
47.92,56.3
28.13,11.16
17.93,4.81
45.17,57.04
26.16,9.35
28.28,11.29
20.76,5.82
43.03,44.03
48.43,54.15
26.73,9.92
37.76,27.27
38.83,28.43
17.49,1.96
26.38,9.41
26.2,8.94
17.82,4.88
26.29,9.94
50.99,80.8
28.8,10.87
38.14,28.76
22.55,6.88
46.3,58.91
47.71,54.77
56.97,92.29
24.29,7.48
20.69,5.5
22.5,6.86
24.62,7.6
37.27,28.32
28.53,11.49
26.63,9.53
52.5,68.0
43.72,38.02
37.23,25.75
35.65,29.44
57.48,92.82
26.19,9.0
26.45,8.75
28.08,10.18
40.78,42.73
20.1,5.14
48.92,52.38
28.51,10.04
55.26,102.67
20.99,5.17
22.56,6.25
55.06,92.62
26.81,9.05
20.33,5.62
57.11,95.32
55.34,95.93
48.72,57.75
17.57,2.47
41.74,37.53
35.57,24.88
50.48,75.61
28.34,11.07
26.89,9.51
17.06,2.92
17.44,3.38
28.02,10.87
51.57,67.4
53.66,68.45
24.5,7.06
28.78,10.58
26.03,9.61
22.84,6.47
28.73,10.02
24.15,7.72
41.14,41.73
53.88,78.34
22.43,6.34
18.38,2.31
26.04,8.91
22.71,6.93
22.85,6.09
35.84,25.03
48.91,56.8
17.89,4.61
42.06,41.79
56.99,95.01
51.11,74.7
47.28,52.69
56.98,107.79
26.52,9.19
20.31,5.74
40.3,43.64
26.8,9.11
20.52,5.24
35.66,28.44
26.72,8.85
26.09,8.87
41.49,39.04
51.06,70.62
55.66,107.85
24.47,7.11
28.11,11.43
26.4,9.74
24.82,7.19
18.42,4.37
20.43,5.19
45.71,49.5
20.58,5.98
26.01,9.62
41.15,42.76
55.15,101.39
26.64,9.41
43.61,40.38
56.08,105.82
22.28,6.28
48.7,53.8
17.55,1.81
26.86,9.54
20.73,5.05
28.67,10.92
28.81,11.29
17.71,4.03
24.48,7.34
22.84,6.32
48.87,50.38
26.94,8.76
28.99,10.63
24.85,7.91
20.61,5.67
26.56,9.2
22.52,6.53
28.21,11.11
28.99,10.13
17.67,2.11
41.91,41.26
41.57,42.32
22.76,6.69
37.67,25.49
20.82,5.95
22.56,6.16
17.35,2.62
26.04,9.67
20.07,5.62
22.34,6.71
38.23,28.16
42.09,38.18
47.76,54.04
38.88,27.3
28.83,10.29
24.49,8.34
21.0,5.21
17.89,3.61
57.88,100.24
28.15,10.09
42.45,37.86
20.83,5.93
50.69,69.31
45.8,58.72
22.07,6.53
24.15,8.32
40.08,43.48
50.1,73.82
24.96,7.57
20.69,5.59
56.35,105.17
52.47,69.51
22.1,6.77
22.79,6.62
51.9,78.92
22.06,6.57
17.35,2.64
22.69,6.27
28.05,10.89
22.32,6.64
18.5,2.54
42.8,40.6
55.48,108.16
18.92,2.35
17.55,2.26
51.08,79.48
51.85,75.12
35.83,26.28
22.79,6.79
40.93,39.13
17.37,1.32
52.75,79.48
46.0,56.62
26.28,9.37
20.83,5.76
58.75,96.74
51.09,76.89
50.91,72.46
26.62,9.92
37.26,26.11
22.2,6.01
26.44,9.36
36.33,25.19
36.02,28.12
22.65,6.45
20.43,5.06
20.44,5.69
40.38,39.77
41.33,43.45
22.06,6.38
42.29,40.29
26.4,8.6
20.72,5.16
36.09,26.0
52.0,80.51
20.29,5.28
47.32,59.27
22.69,6.82
24.67,8.37
43.65,43.86
24.45,7.74
43.86,43.88
28.03,10.57
41.05,44.26
51.86,71.74
42.98,42.25
57.91,102.12
45.47,54.62
24.88,7.88
53.22,79.1
48.33,56.15
57.12,93.83
50.12,77.5
28.78,11.48
24.46,8.16
51.08,68.24
40.52,41.71
22.4,6.58
18.41,1.88
24.97,7.29
56.64,108.78
48.31,57.58
24.76,7.01
24.76,8.07
18.71,2.64
20.53,5.11
53.2,78.36
24.32,7.21
58.0,102.43
47.61,54.09
36.05,28.03
37.77,28.51
41.78,38.62
51.07,80.3
26.94,8.75
56.9,94.2
26.22,8.64
45.7,54.98
35.97,25.5
26.96,9.85
36.34,27.84
47.74,53.44
55.82,98.86
53.37,68.8
45.35,56.97
28.01,10.59
24.64,7.14
22.57,6.43
41.25,41.09
45.09,58.64
28.18,11.47
20.52,5.8
42.73,39.12
42.51,40.59
24.2,8.32
35.42,29.48
46.33,55.34
26.77,8.65
42.74,38.45
35.98,26.77
41.96,44.86
26.46,8.58
22.34,6.28
36.74,26.63
38.02,24.89
53.89,80.13
36.69,29.51
53.63,69.78
28.2,10.62
24.52,7.66
18.37,2.14
37.22,29.39
56.8,103.87
28.18,10.89
43.29,40.05
36.01,27.14
26.68,9.99
17.48,3.8
22.73,6.86
56.43,101.04
22.51,6.19
42.33,40.6
22.87,6.3
20.76,5.23
35.26,29.14
20.47,5.81
36.28,27.98
38.96,27.17
28.01,10.95
24.58,8.44
18.72,1.99
47.36,55.65
41.36,41.27
17.16,1.49
28.23,10.04
20.35,5.13
26.5,8.93
26.4,9.22
51.88,72.57
18.33,2.58
37.51,25.41
51.25,75.46
22.94,6.86
17.42,2.23
38.54,25.84
45.33,50.77
53.76,74.25
20.91,5.86
40.75,42.6
24.81,7.48
26.25,8.61
28.66,10.65
24.66,7.46
51.06,69.73
28.55,10.91
43.48,43.89
22.45,6.05
24.3,8.2
40.67,40.65
42.97,39.01
18.37,3.69
53.25,69.17
47.5,57.75
24.34,7.35
17.55,3.11
51.18,77.26
46.14,55.03
35.73,27.82
20.59,5.18
45.06,57.91
37.85,29.33
58.53,97.84
18.15,1.06
37.84,28.72
20.95,5.5
28.27,11.11
58.41,92.57
48.98,59.3
26.71,9.51
22.69,6.55
22.06,6.07
26.26,9.68
35.88,26.95
22.67,6.97
22.5,6.74
43.47,39.86
56.24,92.41
28.28,10.29
24.68,7.73
56.62,100.41
18.21,4.99
50.22,80.82
41.3,42.73
50.29,79.67
41.64,39.89
26.49,9.21
26.55,9.86
28.17,10.88
51.1,75.22
57.55,104.03
42.61,39.25
17.0,4.55
22.72,6.03
57.12,100.54
22.71,6.61
26.75,8.63
50.1,77.14
20.06,5.24
20.53,5.83
45.84,52.77
24.28,7.73
22.65,6.02
24.32,7.53
17.33,2.77
36.38,26.72
22.73,6.03
17.75,4.59
43.69,42.39
20.35,5.19
17.13,3.5
28.5,10.74
58.01,94.42
51.55,81.3
40.05,40.09
24.56,7.51
36.13,27.84
22.76,6.84
18.88,3.35
20.3,5.32
45.85,52.66
58.45,103.84
53.33,79.18
45.68,51.78
20.8,5.76
20.8,5.24
24.15,7.82
22.82,6.24
52.32,68.48
28.48,11.31
20.99,5.08
28.01,10.61
38.01,25.86
46.81,56.44
40.21,38.9
38.65,27.23
20.11,5.26
17.22,2.2
38.8,27.76
22.7,6.42
57.21,91.55
26.59,9.44
17.89,4.07
55.98,101.2
28.19,11.3
36.35,25.8
56.72,92.93
20.96,5.61
48.81,54.58
28.29,10.6
22.51,6.42
28.16,10.27
47.55,49.95
17.88,3.14
20.45,5.87
17.62,3.46
28.46,11.27
51.65,70.09
52.5,75.7
50.56,68.78
28.16,10.19
24.63,7.89
37.23,26.69
37.67,25.16
41.63,42.6
20.53,5.71
17.73,4.06
20.7,5.57
28.56,11.02
18.91,3.56
45.9,55.15
56.94,93.11
51.14,67.95
18.67,3.36
24.33,8.37
55.79,96.89
18.46,3.66
28.62,10.35
22.76,6.74
46.33,50.29
58.06,92.02
22.39,6.76
20.71,5.5
52.78,81.11
53.11,73.26
17.72,1.8
18.09,2.24
24.63,8.21
43.12,40.15
26.99,9.83
28.42,10.01
24.65,7.56
18.66,4.06
46.83,52.68
18.98,1.11
18.1,2.36
20.13,5.79
22.21,6.98
56.47,108.42
22.58,6.2
28.54,10.73
24.78,7.32
22.41,6.98
20.65,5.41
26.02,9.59
57.92,94.6
51.25,67.88
46.39,50.2
24.86,7.78
20.38,5.32
45.16,58.19
22.41,6.69
20.48,5.44
22.15,6.59
20.23,5.64
20.43,5.65
40.44,40.11
18.3,3.96
45.69,57.14
51.09,78.01
28.35,10.18
18.73,4.95
20.57,5.22
28.49,11.17
18.57,3.02
24.53,8.17
28.89,11.45
53.85,76.16
41.93,37.35
46.05,57.18
20.29,5.41
48.71,56.86
26.61,9.41
45.57,50.68
20.66,5.6
35.39,27.83
20.08,5.56
51.06,81.24
55.08,105.64
35.79,29.6
51.25,74.86
24.35,7.96
28.28,11.09
22.72,6.84
20.69,5.37
26.33,9.75
24.72,7.52
50.39,81.18
26.01,8.9
26.66,9.84
37.15,25.96
51.55,69.96
26.77,9.24
26.2,8.89
26.28,9.42
47.54,52.1
24.91,7.35
24.38,7.71
22.93,6.7
24.55,7.73
41.47,43.12
20.71,5.7
24.94,7.38
52.92,76.34
36.6,29.42
50.63,80.26
18.54,4.95
58.14,107.84
22.4,6.9
53.76,68.26
26.17,8.52
20.28,5.02
20.76,5.07
17.32,4.34
58.88,100.87
28.89,10.99
28.92,10.68
26.52,9.49
36.21,25.08
20.16,5.61
22.44,6.21
24.35,7.02
48.28,49.86
55.14,105.53
45.33,51.56
42.34,39.22
26.43,9.01
39.0,25.49
26.09,9.28
48.67,58.32
37.19,29.17
50.55,68.29
20.38,5.17
58.65,105.82
26.3,9.03
20.69,5.99
35.41,26.53
58.85,99.51
26.5,8.78
26.98,9.56
26.61,9.38
46.04,52.09
42.17,38.31
40.26,40.19
45.54,58.48
52.17,78.16
56.93,106.52
43.94,44.49
24.66,7.91
20.66,5.4
58.63,98.88
17.13,4.95
51.83,71.96
24.13,7.46
18.57,2.04
37.33,25.46
42.47,42.16
20.13,5.68
56.86,94.61
53.76,72.14
26.61,9.83
55.4,91.92
42.48,38.4
20.93,5.55
41.04,43.19
26.09,9.53
51.43,69.93
35.56,28.25
20.21,5.87
18.78,1.87
20.21,5.72
20.65,5.17
20.37,5.44
41.38,43.79
18.23,4.64
47.0,57.76
17.44,2.08
45.4,55.61
51.24,75.82
52.23,79.97
55.51,102.73
24.14,7.23
22.99,6.4
42.23,43.14
36.04,25.44
43.9,41.22
26.12,9.54
53.29,68.2
28.65,11.28
18.04,1.78
28.08,11.39
40.68,39.71
41.94,37.35
38.75,25.23
58.83,105.54
55.13,92.62
50.88,75.34
57.02,106.21
24.66,7.24
48.81,50.54
50.37,79.39
18.49,3.99
43.36,41.43
51.48,72.92
56.62,104.21
22.03,6.93
48.24,55.36
38.64,28.36
24.3,7.81
26.91,9.21
26.05,9.63
18.76,3.2
22.68,6.76
22.28,6.68
37.89,27.09
48.09,53.94
22.7,6.42
47.59,55.45
36.54,28.88
41.18,42.59
57.01,99.89
38.37,26.24
22.13,6.15
37.44,26.13
26.48,9.97
20.65,5.03
58.44,92.75
46.84,57.59
28.44,11.03
24.02,7.74
18.75,2.46
20.09,5.82
40.96,40.02
42.39,44.54
28.36,10.18
18.28,2.24
38.14,25.62
22.76,6.12
45.08,54.25
40.12,40.38
17.55,4.03
57.4,109.33
20.95,5.6
22.89,6.79
17.26,1.5
57.93,107.18
24.46,8.35
38.97,28.43
36.44,28.47
22.72,6.83
48.58,51.2
24.8,7.27
58.05,91.56
50.43,73.59
28.56,10.43
26.76,9.89
28.24,10.58
42.83,40.39
22.54,6.46
26.11,8.93
40.68,43.89
18.65,1.25
24.86,7.21
51.03,69.29
26.29,9.21
51.38,77.03
52.32,78.99
24.32,7.56
18.63,3.38
17.01,3.57
18.87,2.21
26.99,9.03
24.99,7.34
38.43,27.77
24.24,7.12
56.23,109.62
35.94,24.97
50.42,78.31
18.21,1.95
40.02,44.3
38.54,25.69
53.41,71.92
26.72,9.7
56.36,103.81
48.31,52.72
26.68,9.19
35.19,27.73
56.77,107.68
28.9,11.4
55.25,93.51
26.73,9.02
55.21,109.35
20.4,5.76
28.67,10.84
24.12,7.42
57.77,93.51
36.53,27.43
48.42,52.44
55.77,93.06
57.4,92.66
24.82,7.8
45.34,58.19
56.6,103.97
57.09,97.87
36.04,29.65
56.3,92.92
28.03,10.64
28.15,10.93
20.51,5.9
43.3,42.73
35.14,24.62
20.73,5.68
18.24,2.54
58.52,92.01
36.42,28.62
55.07,108.19
26.59,9.26
45.74,55.86
57.0,107.04
26.54,9.98
56.54,101.85
18.54,4.99
22.45,6.76
26.43,8.93
17.54,3.34
28.57,10.67
26.65,9.45
40.91,41.1
45.85,50.99
36.04,28.31
58.36,97.43
17.6,4.53
43.35,41.99
42.36,38.13
53.85,67.47
38.97,25.34
48.63,51.95
26.08,9.62
28.88,10.55
24.52,8.02
52.99,68.48
22.46,6.04
51.52,76.85
28.86,10.51
46.88,57.8
48.06,51.08
57.29,99.8
57.1,103.91
18.21,4.94
20.25,5.0
37.59,28.25
24.45,7.47
28.79,10.97
26.72,9.5
22.6,6.16
20.84,5.29
42.8,42.93
50.26,68.13
51.84,74.34
18.15,4.3
18.71,3.37
53.44,72.45
58.97,95.55
26.81,9.94
20.79,5.13
28.36,10.77
20.41,5.86
20.47,5.7
28.51,10.32
58.54,98.47
26.05,8.73
22.01,6.6
42.39,44.97
36.53,28.97
50.8,81.33
51.22,68.23
36.18,26.75
28.81,11.36
36.87,26.1
20.29,5.79
47.48,54.3
26.35,9.83
20.94,5.39
28.68,10.56
35.71,29.38
20.69,5.89
53.65,73.92
38.31,27.56
22.73,6.48
26.28,9.11
42.12,38.89
17.76,1.05
40.56,37.5
28.91,10.71
28.8,10.3
20.46,5.87
24.04,8.3
50.98,71.48
35.01,28.88
58.38,96.21
58.82,97.44
17.72,1.42
42.45,44.73
20.28,5.15
43.4,40.84
36.42,28.31
24.84,7.02
17.07,3.95
22.37,6.29
17.43,2.02
40.88,38.64
22.43,6.65
28.8,10.72
22.0,6.85
38.05,28.93
51.4,76.8
22.11,6.82
47.07,57.28
57.34,93.49
51.07,69.21
46.36,50.49
52.7,80.81
50.26,79.36
18.11,4.81
36.74,29.16
28.55,11.19
41.3,42.07
45.47,54.98
20.35,5.75
22.46,6.29
17.79,3.36
22.04,6.25
40.07,41.11
18.2,4.16
42.72,44.5
28.91,10.64
28.99,10.51
38.49,26.77
47.55,52.35
24.76,8.15
46.21,50.7
20.55,5.37
45.03,56.08
24.44,7.36
24.38,8.21
17.52,2.55
35.55,28.69
47.3,49.97
18.97,1.48
40.29,42.56
28.99,10.47
24.5,7.01
53.06,79.21
18.96,1.45
22.32,6.46
26.25,8.81
17.76,4.79
26.07,8.91
53.62,69.35
48.97,52.15
52.38,71.47
20.37,5.92
56.05,105.81
20.75,5.76
24.37,8.14
55.86,108.98
22.01,6.86
38.53,25.08
37.39,26.45
40.42,39.3
26.93,9.08
28.83,10.47
36.26,24.65
22.14,6.95
58.17,92.6
28.78,10.62
26.99,9.01
55.68,105.57
17.7,2.83
24.58,7.47
52.26,74.37
17.04,2.86
18.66,4.51
22.43,6.39
52.75,76.23
51.46,75.14
51.71,74.15
24.01,7.21
26.43,9.9
52.33,80.17
38.7,25.52
38.35,26.63
26.65,9.39
35.55,29.54
18.99,2.3
35.79,26.54
46.95,50.02
22.27,6.92
48.98,52.75
24.68,7.41
47.62,52.14
56.6,103.13
46.49,59.02
20.31,5.44
35.94,28.21
38.95,27.14
53.21,75.01
55.92,96.08
22.44,6.95
48.96,53.94
22.68,6.73
50.45,79.4
41.45,38.44
26.67,9.78
41.81,44.81
17.23,1.62
28.92,10.38
28.94,11.29
50.79,67.97
28.81,10.43
26.42,9.13
53.95,68.8
55.01,95.64
45.85,50.86
50.37,80.1
57.77,99.07
48.42,52.82
22.41,6.55
22.89,6.92
26.99,8.93
41.34,42.07
24.33,8.13
20.2,5.89
24.05,8.05
28.28,10.09
41.28,41.77
28.18,10.78
26.37,8.91
26.75,9.39
53.65,74.0
42.86,40.38
37.01,25.44
20.95,5.42
35.67,29.67
46.36,58.59
22.93,6.76
52.3,70.24
20.5,5.95
46.02,52.52
28.95,11.09
36.33,27.98
24.21,8.2
54.0,70.72
28.92,11.28
20.45,5.17
40.83,41.19
18.3,3.85
28.61,10.29
24.57,7.07
20.15,5.14
17.44,1.07
42.53,40.2
28.66,11.3
53.86,81.19
20.35,5.05
56.97,102.01
38.09,25.98
24.53,8.18
24.38,8.1
50.08,78.59
51.98,76.0
20.43,5.35
26.41,9.39
47.48,55.76
24.18,7.44
40.22,39.61
26.89,8.61
38.35,29.2
41.27,41.36
41.79,40.32
20.89,5.21
46.51,57.95
26.99,9.1
27.0,9.86
20.03,5.57
24.12,7.03
58.99,109.12
46.05,53.39
22.98,6.56
28.85,10.83
55.25,98.63
26.33,8.74
28.65,11.23
20.28,5.67
17.28,1.57
53.15,79.03
17.95,2.85
36.42,27.3
24.6,7.04
50.31,73.14
24.45,8.23
28.16,11.22
47.87,49.89
40.52,39.16
57.88,107.72
28.84,11.37
45.16,57.31
22.85,6.24
28.02,10.2
26.12,9.02
42.56,43.14
22.43,6.94
53.19,68.24
55.66,107.44
22.8,6.49
52.24,75.41
20.82,5.69
42.47,44.31
26.96,9.26
28.94,11.17
20.35,5.9
48.96,59.22
24.26,7.1
28.57,10.76
58.15,99.33
45.54,53.09
17.21,1.35
18.42,2.35
22.96,6.37
35.43,24.93
35.18,26.71
50.69,76.96
36.69,25.13
28.98,10.02
18.02,3.54
48.77,57.53
55.02,103.21
24.07,8.25
42.96,41.69
22.95,6.5
26.85,9.31
50.99,73.13
17.17,3.64
57.98,109.61
58.22,101.19
57.62,101.57
28.56,11.29
24.06,7.3
40.38,43.19
58.94,94.1
51.56,68.99
24.22,8.08
20.95,5.74
43.85,37.3
42.1,42.21
48.67,49.59
50.73,75.86
40.16,41.95
43.0,41.64
20.78,5.1
26.54,8.59
40.8,41.12
52.72,68.01
22.78,6.74
48.24,55.06
45.02,50.45
20.27,5.61
17.86,4.03
43.9,43.59
26.64,8.63
36.24,27.22
38.99,25.27
24.41,8.26
55.03,102.88
35.71,26.98
26.02,9.46
53.15,74.96
52.47,74.28
58.8,97.84
41.08,41.3
48.77,55.92
41.51,38.24
20.16,5.54
57.65,97.06
43.49,38.82
18.7,4.22
24.55,7.42
26.87,9.61
55.36,105.6
28.62,10.32
22.93,6.04
26.97,9.17
18.38,3.65
28.1,10.85
37.25,28.14
51.59,73.38
22.97,6.05
53.87,75.94
24.54,7.8
22.64,6.78
24.84,8.41
22.59,6.64
24.62,7.99
35.46,29.27
53.97,68.15
28.46,10.18
58.38,103.27
26.07,8.93
24.65,7.78
20.63,5.91
22.31,6.56
50.95,79.52
47.44,57.52
22.72,6.49
37.46,26.72
22.45,6.9
53.85,70.53
18.77,1.53
17.4,4.38
42.22,42.39
36.17,25.95
26.03,9.94
45.31,49.25
56.99,96.8
24.73,8.41
42.72,40.87
26.68,8.72
45.64,49.09
40.55,41.04
28.14,10.67
58.47,107.53
26.28,9.69
17.63,3.95
20.57,5.8
26.43,8.77
46.83,55.7
24.03,7.15
42.31,44.07
36.34,25.36
28.11,10.33
24.49,8.03
26.81,9.35
57.65,105.38
42.77,40.24
22.83,6.54
42.04,42.27
28.84,10.98
24.57,7.68
22.45,6.4
24.19,7.13
28.55,10.05
18.67,1.55
20.69,5.42
45.41,56.66
38.11,29.59
48.76,52.68
20.04,5.72
42.97,44.45
28.02,10.39
22.87,6.29
42.33,38.15
22.54,6.55
24.06,7.2
28.55,10.9
43.82,41.71
24.0,8.28
24.64,8.42
17.41,1.45
22.59,6.94
58.48,100.36
48.37,53.52
51.17,78.44
22.33,6.38
55.34,93.14
26.11,9.76
56.18,109.4
17.1,1.12
51.96,80.27
22.83,6.02
24.73,7.0
48.45,50.32
50.83,73.04
37.14,25.39
24.19,8.37
22.68,6.76
20.35,5.33
41.32,42.12
20.19,5.97
43.95,44.06
24.6,7.71
35.88,27.0
28.11,11.48
24.14,7.59
58.61,101.76
24.97,7.46
20.28,5.66
28.05,11.15
35.51,28.57
22.72,6.24
43.15,40.83
55.77,109.12
52.15,80.97
26.42,8.52
46.35,54.43
48.07,55.3
46.79,50.14
58.56,97.5
26.66,9.37
46.05,55.82
52.39,70.34
48.04,56.92
24.82,8.42
58.02,97.36
55.97,96.26
24.13,8.08
37.53,28.78
42.5,39.47
47.38,54.95
52.77,75.49
22.99,6.22
45.09,50.79
35.74,26.08
22.34,6.85
24.73,8.17
58.8,103.22
28.15,10.68
24.46,7.7
52.07,79.78
42.67,44.6
22.46,6.64
43.98,45.05
40.97,42.18
58.67,101.64
41.02,39.73
45.82,49.43
35.85,27.1
47.9,59.11
43.72,40.51
41.0,38.4
53.3,80.58
52.37,71.06
53.14,69.36
22.81,6.16
28.79,10.63
22.48,6.26
28.31,11.0
28.55,10.58
45.27,54.99
20.87,5.34
17.13,2.7
17.74,4.82
52.05,81.08
22.92,6.96
17.66,1.46
38.78,27.81
50.52,75.45
26.19,8.57
51.56,72.2
43.5,43.03
47.24,49.99
35.95,24.81
48.41,56.26
22.02,6.05
26.77,9.55
18.99,4.21
20.15,5.97
18.43,3.66
26.89,9.05
26.02,9.5
20.36,5.62
28.12,11.24
47.16,54.54
45.15,57.44
48.39,56.28
24.84,7.62
45.04,58.16
53.98,81.11
20.97,5.67
41.3,43.01
26.73,9.78
47.99,52.78
26.07,9.6
24.9,7.75
28.33,11.19
20.02,5.16
57.78,100.97
24.22,7.71
35.64,26.42
28.35,10.05
22.06,6.71
42.21,41.37
36.68,27.56
20.71,5.32
42.75,43.78
24.29,8.17
37.76,28.37
22.67,6.33
22.59,6.35
26.27,9.02
26.42,9.66
45.93,51.58
23.0,6.59
36.74,25.6
58.22,92.29
53.8,76.57
24.27,8.06
20.33,5.51
52.83,77.79
43.61,41.68
20.72,5.75
52.09,79.27
48.95,53.65
18.82,3.48
22.68,6.42
28.75,10.12
18.0,3.51
40.96,42.97
20.5,5.19
40.54,38.5
26.06,9.02
37.95,29.45
24.93,7.99
24.46,8.13
28.98,11.21
24.56,7.3
40.91,37.86
56.71,99.45
46.13,57.83
18.91,3.09
18.1,2.58
28.88,10.57
55.69,102.07
42.05,42.25
18.2,3.29
42.37,41.27
58.7,106.61
45.96,49.2
24.91,7.32
22.74,6.72
22.82,6.5
50.87,70.74
28.37,10.09
28.27,10.54
17.61,1.98
50.11,71.88
53.86,71.34
20.66,5.41
24.52,8.37
28.08,10.95
24.99,7.2
36.48,26.24
57.93,97.95
40.35,37.28
28.05,10.77
26.66,8.75
52.57,68.99
24.58,8.13
51.5,75.52
24.71,7.37
43.06,38.08
45.88,58.2
50.59,71.22
28.31,11.22
55.49,96.5
56.11,106.58
28.08,10.67
42.26,42.67
28.64,10.0
20.74,5.55
26.27,8.66
52.82,76.6
53.45,77.1
22.83,6.87
24.97,7.27
47.84,54.16
51.22,75.07
42.01,38.55
18.94,2.78
17.28,3.11
26.34,9.12
50.59,70.9
22.19,6.8
28.35,10.64
40.08,44.23
35.14,24.68
28.3,10.06
45.44,53.31
20.22,5.11
24.48,8.03
26.44,9.94
20.07,5.64
53.83,75.6
53.52,73.05
28.65,10.84
26.55,8.95
17.88,2.54
17.01,2.41
24.38,7.22
52.3,76.43
22.08,6.43
18.41,4.93
55.96,103.78
35.36,27.6
24.61,7.85
57.9,99.39
22.63,6.42
18.26,1.75
24.39,8.3
40.68,37.53
26.39,9.87
28.84,10.49
56.41,93.57
20.05,5.77
26.94,9.25
26.2,9.81
24.94,7.76
26.5,9.01
36.09,27.44
46.98,53.75
53.52,73.67
22.82,6.13
47.21,58.57
22.61,6.71
36.87,29.22
20.71,5.8
22.0,6.71
43.49,40.12
20.94,5.83
40.48,39.0
24.26,8.39
42.64,39.64
26.29,8.75
55.34,103.94
55.46,91.79
28.11,11.15
37.76,28.02
46.38,49.95
46.32,54.9
28.75,10.29
20.44,5.82
43.87,44.27
51.95,72.61
51.33,80.19
17.7,3.62
45.36,51.31
22.67,6.84
42.62,45.08
38.84,28.73
28.54,11.21
36.36,27.37
20.13,5.9
51.57,78.39
43.49,42.21
36.2,28.54
57.64,95.49
45.69,54.64
24.59,7.29
43.84,41.88
24.88,7.59
22.33,6.54
42.82,39.71
22.43,6.58
55.74,98.56
26.61,9.79
26.26,8.58
41.04,39.36
48.61,52.78
24.89,7.21
55.57,92.76
48.52,52.77
28.45,11.04
45.65,59.09
42.15,37.51
22.83,6.87
55.59,92.12
20.77,5.16
40.88,37.92
26.3,9.38
51.2,80.54
22.96,6.82
22.18,6.69
37.38,25.4
28.85,10.31
26.22,9.51
20.47,5.26
28.95,10.04
52.47,79.93
53.58,70.5
58.94,108.51
20.42,5.75
37.76,28.87
20.77,5.25
47.7,54.01
26.93,8.56
20.07,5.8
24.68,7.08
37.24,25.97
52.73,80.4
41.98,42.25
18.92,4.07
20.11,5.19
48.75,53.98
37.61,29.34
57.53,104.28
55.13,100.03
37.33,25.53
26.54,8.61
57.66,103.86
53.32,80.81
20.67,5.4
36.4,26.03
17.19,3.93
20.78,5.44
24.89,8.08
58.74,92.85
50.32,81.08
47.26,58.83
20.07,5.89
53.49,69.24
24.4,7.9
26.82,9.55
56.16,98.63
22.23,6.32
22.05,6.84
20.39,5.41
57.73,96.79
26.32,9.82
37.83,29.43
20.07,5.63
37.52,28.75
28.72,10.23
52.44,70.37
55.72,109.02
55.18,108.08
17.13,3.78
51.03,70.11
24.18,7.64
22.12,6.94
58.4,101.58
48.43,52.64
17.49,1.11
45.15,51.09
28.94,10.76
45.6,52.49
22.99,6.36
20.01,5.93
36.51,27.93
55.44,96.44
45.49,55.22
24.63,7.9
20.35,5.63
37.94,28.97
42.48,40.99
38.03,27.3
55.6,106.06
22.73,6.92
20.21,5.1
38.8,26.52
37.16,25.57
20.45,5.05
37.91,28.42
41.86,40.92
35.62,24.87
51.41,78.06
55.23,97.56
24.64,7.87
36.58,28.48
51.28,71.61
17.18,3.76
43.14,40.32
26.38,8.99
28.41,10.86
38.87,27.13
24.04,7.15
56.12,104.38
38.91,26.14
48.56,55.46
22.05,6.44
28.93,10.79
37.51,28.69
24.67,8.2
43.25,41.24
53.93,73.87
57.04,106.07
24.69,7.89
46.7,57.44
50.4,71.45
47.23,55.25
48.47,52.01
17.49,1.51
26.3,9.5
20.39,5.93
28.79,10.66
57.05,100.47
24.26,7.72
58.78,99.51
20.47,5.41
55.64,100.53
24.71,8.46
43.64,37.66
20.91,5.44
35.62,26.35
18.82,2.93
37.86,26.4
46.5,52.38
42.66,39.76
28.57,10.68
24.95,7.91
43.87,38.99
20.33,5.52
50.56,76.77
22.79,6.33
56.35,107.36
50.07,73.65
37.02,29.1
52.04,69.41
38.0,25.14
56.66,97.84
22.43,6.86
36.92,25.19
24.02,8.43
47.41,50.9
50.2,79.97
28.37,11.43
28.25,10.7
26.97,9.37
22.71,6.03
41.06,43.97
56.24,99.47
22.37,6.28
26.23,9.06
36.32,29.23
22.97,6.29
18.61,4.99
19.0,2.68
26.75,9.91
28.21,10.38
50.2,81.23
18.45,4.28
36.48,28.42
22.54,6.34
47.77,58.67
40.73,42.9
28.09,11.46
24.43,7.1
42.82,42.54
52.3,68.48
27.0,8.79
20.72,5.58
42.77,43.74
43.34,39.85
28.34,10.54
35.69,29.4
38.08,28.39
55.06,104.27
46.03,58.4
22.55,6.85
37.22,25.05
53.1,79.87
20.21,5.78
24.96,7.13
43.47,41.26
50.6,75.48
28.49,11.07
17.32,3.0
42.93,38.07
53.39,74.84
24.37,7.15
38.69,27.91
37.79,25.62
26.12,8.68
46.48,52.89
53.88,70.41
18.28,1.08
20.91,5.74
48.99,50.6
28.86,11.47
22.73,6.99
37.05,27.22
18.38,2.67
24.36,8.41
18.03,2.28
37.31,26.51
24.09,7.13
24.19,7.31
41.28,43.12
57.9,102.38
26.18,8.63
35.09,29.4
26.12,9.45
22.45,6.39
26.36,8.94
17.21,3.69
36.24,25.99
28.12,11.41
28.73,11.39
17.86,3.58
43.23,44.62
26.16,9.58
53.27,79.36
37.35,26.98
41.54,40.67
37.29,24.67
53.2,76.5
26.87,9.28
22.7,6.79
28.68,10.81
36.2,28.19
35.48,29.49
28.92,10.96
58.48,108.2
18.58,2.7
24.33,7.96
58.63,92.42
28.09,10.33
52.87,80.86
58.6,104.39
28.27,10.82
48.78,53.49
22.25,6.74
22.17,6.76
26.59,9.92
45.71,55.64
22.25,6.35
28.87,11.23
26.68,9.52
28.23,10.16
57.9,105.16
22.87,6.16
24.1,7.17
43.26,39.43
26.47,9.85
36.75,26.51
28.81,10.22
28.28,10.59
47.99,49.66
26.17,8.72
48.42,52.01
56.2,97.24
17.99,3.57
36.68,29.14
57.87,99.02
45.86,50.81
58.0,98.12
48.12,53.26
48.81,51.64
24.92,8.01
28.37,10.16
26.52,9.51
24.71,7.42
57.45,109.04
58.95,106.4
52.48,79.97
55.55,106.07
20.44,5.88
37.68,26.3
28.31,10.9
37.85,26.35
28.76,10.58
45.64,49.11
26.73,8.83
52.67,75.03
50.08,72.66
37.23,24.73
18.38,2.63
47.83,50.26
43.21,43.81
41.05,43.13
40.07,39.51
57.93,96.33
43.47,44.59
46.11,52.0
51.07,80.41
24.22,7.69
18.07,2.9
53.77,75.55
41.44,39.61
58.83,96.33
20.93,5.95
35.76,28.28
57.51,107.87
38.04,28.35
26.73,9.88
55.93,106.74
24.22,7.93
58.33,96.59
38.03,28.15
47.48,53.72
26.84,8.65
24.73,7.77
20.67,5.65
51.25,69.24
22.44,6.15
24.64,7.11
20.5,5.3
55.74,101.38
38.69,26.07
28.14,11.23
40.15,44.44
26.43,8.88
47.76,52.2
20.89,5.23
28.27,11.36
28.84,10.26
40.72,40.12
20.15,5.54
18.4,3.44
22.79,6.35
43.46,44.39
26.81,9.36
22.5,6.38
48.79,54.85
22.03,6.84
28.65,11.31
35.52,26.35
24.84,7.7
24.32,7.18
56.59,102.17
52.82,79.69
22.36,6.79
24.02,8.01
43.63,38.78
48.29,51.19
17.63,4.27
22.96,6.28
26.13,9.24
17.11,2.46
35.33,26.4
45.48,58.74
18.82,3.47
17.48,2.06
22.26,6.25
24.95,8.3
17.79,2.62
38.77,28.7
24.69,7.61
20.8,5.89
41.9,38.04
26.59,9.97
52.57,79.25
46.09,57.81
28.19,11.39
28.2,11.34
20.59,5.88
20.77,5.5
28.05,10.72
55.45,104.75
57.59,108.62
50.19,69.08
22.39,6.77
17.48,2.73
26.6,9.1
55.19,94.34
20.81,5.07
28.54,11.01
46.04,57.09
53.44,74.2
18.14,2.96
55.22,100.38
18.84,4.95
20.16,5.99
22.04,6.59
26.85,9.15
46.55,57.86
26.98,9.08
40.96,42.2
46.69,54.98
20.63,5.51
46.42,57.34
53.87,70.28
52.43,69.54
37.48,25.06
17.87,2.79
36.14,27.77
20.44,5.48
24.45,7.76
41.41,37.89
38.79,29.15
24.18,7.76
52.31,71.73
38.29,25.51
20.35,5.87
51.75,78.73
18.82,4.54
22.32,6.98
50.15,75.13
28.11,10.62
55.06,94.17
28.6,10.41
35.25,29.44
55.46,107.19
20.25,5.29
24.63,7.41
24.58,7.45
24.26,7.85
42.8,43.65
52.22,68.58
50.98,74.23
57.34,105.02
17.48,3.37
22.21,6.33
48.32,49.94
41.55,40.49
52.24,81.34
56.49,100.25
36.91,25.28
43.01,39.17
28.05,10.31
24.56,8.14
22.69,6.63
58.83,100.82
26.88,8.93
28.54,10.83
24.57,8.12
36.01,28.51
51.73,78.58
36.71,26.42
51.65,69.61
24.44,7.66
37.8,26.68
20.36,5.21
56.59,101.41
53.85,68.22
24.75,8.22
58.03,100.21
22.64,6.63
20.17,5.06
45.81,56.78
24.05,7.53
26.0,9.62
28.12,11.38
48.79,50.97
36.03,27.81
26.72,9.1
52.75,78.58
18.21,3.75
41.49,37.61
22.99,6.71
38.08,26.84
26.98,8.54
36.4,27.7
26.26,9.29
41.28,39.88
24.95,7.22
24.62,8.35
46.46,49.6
17.8,4.12
52.96,78.59
24.14,7.21
17.37,3.69
43.05,38.23
51.45,74.84
18.7,2.54
20.97,5.11
53.18,71.44
26.17,8.79
20.14,5.79
26.3,8.92
22.11,6.21
48.61,52.99
26.83,9.02
36.43,28.75
48.24,54.65
47.79,56.03
22.57,6.51
42.04,37.39
53.88,77.0
38.32,27.84
45.47,57.61
40.56,40.2
17.52,2.42
55.2,99.29
47.0,54.21
28.45,10.01
18.6,4.01
51.31,67.79
43.74,44.03
17.05,3.71
48.17,54.82
26.5,9.32
50.92,73.36
28.06,11.48
24.07,7.17
55.48,92.18
53.18,70.06
22.3,6.67
35.28,28.08
22.63,6.9
41.93,44.46
26.75,9.62
52.29,74.71
37.24,26.78
20.5,5.68
50.25,69.15
35.52,25.3
40.33,43.79
17.7,1.46
58.02,105.37
53.95,69.96
46.47,55.79
26.85,8.62
17.19,2.85
47.65,56.88
55.3,106.25
26.92,8.74
20.4,5.51
43.62,41.99
26.48,9.64
24.59,7.01
26.8,9.24
42.82,44.43
28.14,10.8
20.65,5.9
55.17,108.73
17.85,2.52
42.36,41.15
20.83,5.59
37.44,28.03
37.94,27.87
18.73,3.48
37.55,27.61
24.53,8.38
28.31,11.25
46.58,53.13
17.21,2.2
48.09,55.3
35.71,26.07
22.92,6.76
20.63,5.7
50.26,71.28
20.05,5.89
20.07,5.76
46.55,55.38
22.82,6.0
35.3,29.59
18.52,3.59
36.55,28.38
22.39,6.67
51.15,75.86
20.94,5.9
46.33,53.82
35.47,29.37
53.28,81.22
56.04,95.37
42.53,38.08
28.81,11.03
48.45,55.41
55.8,100.74
52.71,69.46
20.41,5.85
26.94,9.47
41.43,41.26
20.77,5.87
42.46,43.31
24.53,8.19
47.59,55.24
24.14,7.48
28.17,11.32
20.04,5.5
28.91,11.39
28.6,11.49
50.34,74.85
26.03,8.92
17.1,4.56
22.63,6.18
28.7,11.07
43.24,37.56
28.04,11.14
41.53,44.26
24.31,7.18
26.58,8.64
20.69,5.96
20.08,5.58
26.63,9.1
37.89,27.55
22.46,6.03
24.64,7.1
53.11,75.6
45.31,52.74
24.54,7.44
51.9,75.88
55.73,97.97
55.41,102.17
20.28,5.63
28.05,10.42
28.62,10.99
24.33,7.61
17.23,2.53
20.96,5.06
24.43,7.82
52.41,73.29
55.75,99.35
24.49,8.06
20.19,5.29
48.73,51.71
36.41,28.11
58.34,104.04
40.97,38.35
38.82,25.86
20.47,5.8
20.04,5.55
22.64,6.27
36.86,29.43
38.58,27.05
56.49,102.38
58.83,102.51
24.23,7.67
57.09,104.24
26.37,8.66
50.39,77.33
20.49,5.73
24.68,7.26
22.97,6.79
51.89,75.84
20.54,5.78
26.41,9.76
45.33,56.63
51.74,77.03
42.21,38.09
57.21,92.48
17.05,1.48
24.97,7.24
28.69,10.34
22.93,6.91
37.76,27.76
36.98,26.76
57.86,96.27
56.82,93.67
42.74,42.38
56.06,100.05
45.57,52.97
26.51,8.87
24.66,7.36
46.3,55.82
28.36,10.45
24.33,7.5
24.69,7.15
18.05,1.25
24.22,8.24
35.97,25.07
42.37,41.1
37.78,29.43
22.9,6.68
20.68,5.52
20.57,5.66
28.1,11.4
24.1,7.99
24.86,8.19
28.17,11.41
28.37,11.07
41.11,40.23
48.36,53.9
42.59,39.08
24.32,7.37
17.14,2.61
22.56,6.2
50.88,71.99
20.28,5.5
22.18,6.2
36.68,28.33
20.12,5.76
53.02,71.76
41.38,38.86
24.55,7.27
18.85,1.92
18.14,3.6
43.93,44.54
57.51,105.43
49.0,57.94
48.54,56.94
37.74,28.57
22.03,6.12
38.24,24.89
26.11,9.35
28.66,10.32
41.35,43.06
56.62,98.64
28.89,10.85
26.85,9.98
17.21,3.13
56.43,92.24
51.32,72.97
24.46,7.83
26.16,8.54
28.21,11.35
41.05,44.13
54.0,77.42
56.59,100.45
35.34,27.0
22.04,6.34
17.14,1.45
48.34,54.31
24.07,7.02
46.46,58.44
58.43,92.58
37.3,28.5
53.33,70.94
24.37,7.85
50.57,76.19
22.58,6.18
28.62,10.88
22.47,6.16
26.66,8.54
28.38,10.14
51.96,73.7
52.93,80.11
52.39,70.31
37.58,29.13
28.38,10.05
17.1,3.56
28.27,11.48
46.75,50.38
56.47,103.07
26.18,8.79
22.55,6.15
47.94,58.81
28.07,10.86
38.11,27.05
20.11,5.52
47.71,58.17
43.34,42.1
43.88,40.54
57.07,106.42
50.91,76.92
26.43,9.08
26.31,9.67
42.97,37.68
22.63,6.39
28.03,10.25
20.18,5.85
41.24,41.82
22.79,6.02
17.37,4.26
48.52,52.65
38.71,25.46
45.64,55.19
22.09,6.47
17.36,1.24
58.06,107.05
26.52,9.85
52.14,80.49
50.75,77.23
46.56,49.37
28.5,11.28
52.17,72.82
43.04,40.99
48.23,58.34
22.08,6.12
35.73,28.54
28.31,11.27
48.53,49.64
50.04,72.22
38.54,28.71
18.38,2.32
22.62,6.05
37.87,29.39
38.19,26.96
42.02,43.57
46.8,53.29
22.13,6.78
28.98,10.75
41.16,39.88
17.83,4.58
57.79,96.71
53.06,70.59
50.7,74.65
22.33,6.63
26.4,9.08
29.0,10.84
28.49,10.74
26.19,8.83
37.65,29.09
26.56,9.83
45.92,54.34
26.69,9.55
26.14,9.39
51.91,79.32
57.49,94.94
24.23,7.41
42.01,43.82
50.62,80.39
22.94,6.73
24.27,7.79
47.34,54.43
52.5,79.93
48.02,53.71
57.51,97.2
28.07,11.23
40.61,37.35
37.04,24.58
20.15,5.56
24.45,8.31
26.76,9.62
24.34,7.62
46.66,51.85
53.32,72.53
17.6,1.98
18.55,4.85
24.67,7.14
42.86,41.87
18.46,4.57
22.79,6.37
38.37,27.34
55.28,94.75
37.24,25.85
40.5,42.8
26.61,8.95
47.26,56.94
26.36,9.53
55.2,94.47
56.98,95.29
17.96,3.1
50.99,74.5
51.89,76.04
20.41,5.41
37.53,26.91
26.34,9.93
24.94,7.48
17.76,1.1
18.11,1.39
20.81,5.37
20.33,5.42
37.11,26.71
26.48,9.27
40.19,37.79
28.5,11.38
26.59,9.79
43.32,40.95
17.59,3.85
18.74,4.82
35.02,26.21
20.68,5.3
26.01,8.53
17.51,2.31
26.05,9.19
20.57,5.05
18.75,1.68
20.16,5.46
51.42,73.97
53.95,71.54
18.13,4.85
53.69,74.67
17.89,4.19
38.23,27.29
26.86,8.9
46.61,55.15
35.26,28.19
47.25,52.34
55.62,102.43
28.35,11.29
26.96,9.64
57.02,93.73
58.15,95.39
24.34,7.16
56.6,102.16
28.55,10.69
28.5,10.49
18.2,3.18
46.45,51.65
35.35,24.6
56.81,109.82
20.05,5.26
17.77,4.28
46.95,54.67
22.51,6.03
24.56,7.51
46.91,57.18
38.01,26.05
18.2,3.17
37.08,27.43
18.34,3.91
45.21,56.44
17.54,1.49
20.17,5.26
45.02,49.58
42.81,43.12
42.35,37.68
46.07,55.97
40.04,40.7
42.98,37.38
38.31,28.05
28.71,10.77
38.81,26.63
43.4,37.46
51.52,75.81
46.64,51.95
18.63,2.01
43.04,42.96
43.19,38.81
47.87,52.0
28.03,11.33
47.35,52.61
56.48,105.12
26.09,9.35
56.64,107.05
41.49,38.94
58.41,95.73
37.39,25.06
45.93,53.36
36.57,25.0
26.02,9.29
53.01,79.69
26.64,8.58
38.1,26.74
22.17,6.46
45.82,51.31
37.53,26.86
46.66,56.85
41.63,37.82
22.45,6.64
29.0,10.73
58.23,107.05
57.86,105.09
56.0,91.78
17.42,3.32
28.49,10.33
43.19,42.66
46.18,52.63
28.32,10.27
36.41,26.86
52.48,72.87
51.33,77.41
26.36,9.74
22.21,6.56
28.68,10.38
38.41,29.24
58.07,97.89
28.5,11.12
56.62,94.57
22.26,6.91
53.77,78.78
24.03,8.21
47.2,50.5
46.42,57.91
28.35,11.36
47.87,52.36
26.77,9.22
35.8,29.2
24.34,8.07
48.69,58.04
28.63,10.67
26.78,9.0
37.41,26.22
36.95,27.19
28.38,10.2
24.73,7.6
50.56,77.33
52.33,71.71
50.24,80.11
22.29,6.18
24.8,7.75
20.32,5.42
26.59,9.9
58.11,95.07
26.18,9.16
58.18,92.47
28.25,10.21
56.13,94.56
28.78,11.23
22.8,6.13
57.07,104.88
48.61,56.88
28.72,10.91
55.05,102.8
20.08,5.69
18.31,2.99
40.26,40.87
36.16,28.8
26.75,10.0
26.78,8.74
57.65,99.75
42.99,41.11
36.58,24.76
43.99,43.34
56.88,102.59
22.67,6.72
18.1,1.77
41.88,41.81
52.56,67.89
50.41,78.32
22.38,6.21
48.79,56.08
36.5,29.62
20.68,5.36
22.58,6.86
18.78,2.23
28.96,11.34
24.82,7.43
17.41,1.62
35.08,27.06
26.7,8.56
50.81,80.75
45.32,49.61
20.83,5.47
28.77,11.09
51.33,76.98
22.33,6.18
20.9,5.53
58.86,99.24
20.21,5.93
57.25,91.54
28.81,10.82
57.81,91.23
57.59,99.78
22.95,6.62
53.15,68.71
50.03,76.16
48.84,58.14
58.01,97.23
38.0,28.68
24.69,7.99
43.53,44.47
55.21,106.41
22.91,6.39
36.48,29.6
40.98,40.47
50.95,75.98
28.35,11.06
24.82,7.88
38.67,25.89
18.52,2.94
26.11,9.99
28.51,11.38
46.55,57.4
18.05,1.04
46.24,57.21
28.99,11.37
26.27,9.76
52.07,71.9
52.19,69.88
46.13,51.62
22.6,6.3
37.69,25.23
50.78,75.51
24.2,7.36
52.66,77.27
28.42,11.35
28.65,10.86
26.45,9.34
28.4,10.58
42.73,37.79
24.79,7.74
57.42,96.59
22.44,6.48
22.16,6.36
28.38,10.86
20.74,5.62
38.13,28.11
38.95,28.04
20.95,5.63
41.84,44.17
28.8,11.04
28.01,10.27
22.76,6.59
45.12,49.68
20.33,5.89
40.9,40.19
28.29,10.9
41.9,41.67
17.07,1.94
24.58,7.19
38.89,26.51
17.88,3.18
18.26,2.06
18.86,1.71
28.83,11.18
51.3,69.69
47.54,50.11
43.68,43.34
45.3,55.32
24.61,8.43
51.78,67.77
57.83,109.82
26.09,9.35
41.53,44.94
22.2,6.51
58.08,91.93
47.1,54.82
17.28,3.86
42.73,42.76
41.39,42.66
24.23,8.47
22.84,6.93
51.87,77.71
20.77,5.86
24.12,7.18
47.99,55.14
41.97,42.64
20.71,5.1
58.84,94.47
41.58,37.53
20.23,5.68
38.35,26.17
24.58,7.31
40.4,43.23
40.67,43.75
47.66,55.61
42.2,44.34
48.19,57.11
52.38,81.21
28.74,10.08
53.46,70.5
52.89,76.12
42.85,39.32
37.94,26.93
58.53,106.35
22.1,6.36
26.39,9.31
36.29,24.64
55.93,109.53
41.78,40.48
52.38,79.73
20.86,5.17
55.83,106.05
28.01,11.08
26.97,9.24
22.9,6.11
17.35,4.61
48.74,52.25
51.88,68.78
24.74,8.08
46.56,59.19
35.31,25.97
18.66,2.11
20.37,5.97
22.03,6.01
53.41,76.92
38.3,27.11
42.56,44.88
53.15,80.91
20.52,5.6
17.7,1.21
58.19,101.07
28.25,10.74
28.65,11.32
28.37,10.89
22.16,6.61
41.58,40.44
18.45,3.06
52.78,77.38
46.91,50.12
28.63,11.39
20.71,5.76
56.59,91.33
26.84,8.68
22.25,6.56
35.48,26.78
28.7,11.04
51.01,79.5
41.36,43.31
52.39,75.75
53.08,76.68
22.54,6.48
26.84,9.57
28.9,11.16
46.64,58.29
28.06,10.75
42.44,41.08
20.03,5.65
47.55,57.02
41.08,39.48
26.47,8.66
22.3,6.76
26.83,9.63
46.39,51.66
17.1,3.62
58.74,103.35
20.3,5.8
50.98,67.45
53.35,78.1
26.21,9.61
18.99,3.11
56.92,101.7
24.98,7.52
58.2,102.72
24.53,7.39
57.66,105.66
26.7,8.54
47.37,56.99
36.14,25.89
18.75,3.59
47.51,50.68
28.89,10.6
48.73,50.92
58.58,109.35
22.24,6.46
43.96,37.69
40.51,43.43
38.32,29.5
35.44,25.47
17.02,2.82
57.41,95.98
26.36,9.45
24.33,8.05
47.41,50.0
26.52,8.57
20.74,5.65
17.23,4.19
24.22,7.01
26.14,9.38
22.58,6.99
52.35,69.74
18.84,4.87
18.28,1.45
28.61,10.68
57.21,93.71
41.68,44.7
22.43,6.73
56.93,108.13
45.41,53.04
41.91,38.44
37.69,25.66
28.36,10.99
20.11,5.14
22.18,6.59
22.91,6.79
45.23,55.96
46.99,51.76
40.68,41.87
26.14,8.72
51.92,77.54
37.15,29.65
53.32,78.18
37.13,27.08
17.04,2.32
22.22,6.61
37.81,24.88
24.61,7.66
48.19,49.26
46.11,58.81
26.76,9.11
50.27,71.42
26.5,8.8
22.89,6.19
22.04,6.72
17.65,2.37
37.95,24.9
35.48,28.46
26.23,9.84
26.54,9.41
40.87,41.18
17.66,4.37
56.23,93.31
22.01,6.35
18.37,1.56
58.6,105.72
56.62,101.21
36.55,26.77
24.32,7.95
40.5,42.27
24.64,7.94
53.82,77.81
20.08,5.45
24.65,7.2
38.33,29.11
52.79,79.57
52.1,75.65
24.91,8.3
50.71,68.83
38.33,25.74
18.96,2.59
43.03,44.33
22.58,6.15
46.41,54.18
20.72,5.16
22.65,6.12
24.24,8.46
37.85,29.17
42.67,40.35
37.6,25.8
22.85,6.97
22.62,6.47
18.45,2.28
53.92,69.88
57.43,95.41
41.64,41.86
55.93,105.53
53.67,74.62
24.78,8.01
55.77,91.37
17.56,2.05
45.01,54.03
17.31,2.18
26.69,9.89
51.2,76.37
22.36,6.47
22.33,6.58
56.86,94.21
37.08,24.69
43.35,38.98
28.31,10.85
18.74,1.12
28.13,10.51
36.96,26.74
20.97,5.74
56.81,104.45
26.6,9.08
35.57,24.95
57.34,97.71
20.54,5.18
53.86,68.98
48.62,50.9
48.15,56.08
43.38,40.53
50.41,73.73
36.39,28.99
22.7,6.78
24.63,7.28
28.52,10.55
43.08,37.45
46.54,51.44
36.74,24.93
48.97,50.48
20.83,5.7
51.42,67.33
53.17,78.42
58.89,91.28
41.7,38.09
17.94,3.84
36.35,27.78
52.36,74.3
38.14,24.55
18.06,4.99
28.35,11.39
37.74,26.66
57.66,97.1
46.03,57.57
26.86,8.97
58.08,103.8
28.52,10.13
55.97,94.2
24.45,8.17
24.55,8.47
24.55,7.14
55.78,94.03
26.22,9.72
55.4,99.58
58.37,94.89
46.58,52.89
46.11,58.99
57.77,96.57
55.71,91.26
24.85,7.86
28.28,10.62
22.77,6.96
22.8,6.67
26.99,9.49
22.51,6.61
20.03,5.67
43.7,43.32
18.06,2.34
22.36,6.95
20.53,5.58
46.62,54.94
18.13,3.39
53.77,69.42
26.31,9.84
43.55,40.79
20.16,5.39
57.12,92.2
28.41,10.91
48.84,50.54
26.79,9.32
35.13,26.02
38.89,26.49
22.13,6.99
24.88,8.49
18.35,2.23
24.02,8.33
22.17,6.42
45.42,54.41
47.73,53.29
50.11,77.41
47.72,56.95
20.03,5.11
42.69,43.44
35.47,24.62
18.2,2.12
50.71,69.37
24.84,7.11
55.88,96.36
45.16,49.71
20.57,5.43
18.19,2.22
55.54,102.94
17.22,3.25
26.91,8.57
50.27,77.64
55.83,98.24
28.84,10.3
26.01,8.69
26.88,8.77
20.25,5.37
26.76,9.49
51.84,71.31
40.22,38.66
55.69,101.88
35.07,24.82
18.31,2.6
52.2,77.09
24.62,7.22
38.06,27.31
40.61,37.39
36.72,25.04
42.09,40.31
26.86,8.88
51.62,71.93
51.97,67.46
41.54,40.25
37.77,29.61
37.31,28.29
28.95,11.36
51.17,79.58
52.08,69.46
48.87,53.3
24.79,7.44
20.32,5.1
36.53,28.76
24.09,7.95
55.63,103.08
50.02,74.26
20.17,5.6
55.45,94.75
22.29,6.14
45.11,56.55
17.8,3.85
51.96,77.83
26.34,9.15
48.84,51.42
40.25,39.92
28.63,10.41
46.97,52.19
22.14,6.69
51.64,77.26
24.67,7.94
53.81,69.57
35.71,28.29
46.53,57.9
24.94,7.54
17.49,1.11
53.5,67.94
28.88,10.37
35.56,26.65
41.68,39.38
56.34,103.7
20.25,5.14
22.18,6.9
28.26,11.15
24.9,8.41
20.83,5.85
43.18,38.52
35.47,24.83
55.55,91.72
37.39,28.54
37.8,26.28
36.96,28.45
38.56,27.55
20.01,5.34
42.62,40.51
46.85,53.05
24.63,7.3
55.03,108.52
58.77,99.52
37.37,26.5
24.61,7.37
55.62,106.23
24.29,7.42
18.23,3.98
53.76,75.39
22.66,6.08
17.12,2.73
28.87,10.86
53.97,71.3
26.89,8.62
51.81,77.98
17.49,2.44
22.64,6.95
51.58,68.45
28.06,11.48
22.78,6.02
53.18,81.27
22.0,6.42
50.53,67.29
28.37,10.25
24.43,7.57
51.17,76.06
41.98,42.69
28.14,11.15
53.2,76.4
42.98,39.82
24.32,7.27
24.39,8.11
48.78,49.9
42.3,44.32
28.37,10.01
57.43,107.59
28.66,10.19
45.25,54.94
42.33,43.46
52.55,81.25
46.04,52.72
17.53,1.51
57.21,98.56
28.16,11.05
52.59,67.6
56.27,105.7
24.73,7.79
43.07,43.67
26.17,9.59
35.43,29.49
18.23,2.22
24.17,8.17
20.79,5.49
20.75,5.69
38.57,29.37
28.08,11.03
28.35,11.3
20.55,5.36
57.31,101.7
37.19,29.26
26.05,8.76
20.17,5.03
50.13,78.26
22.15,6.16
20.0,5.94
22.69,6.68
24.48,8.2
28.27,10.92
24.75,7.97
41.96,43.95
17.99,2.29
55.89,93.65
50.37,69.24
36.87,25.6
53.76,72.54
46.47,57.28
53.48,74.79
17.58,4.96
26.42,9.61
48.72,58.03
55.64,95.84
20.3,5.72
26.88,8.71
28.27,10.35
45.97,57.25
28.61,10.45
24.15,8.13
55.74,103.99
20.42,5.4
40.45,45.1
36.64,29.23
28.4,10.11
37.97,25.38
53.84,68.37
45.64,50.81
38.59,29.0
41.61,40.63
22.21,6.31
58.61,93.71
20.73,5.32
37.52,29.37
37.6,27.91
58.96,94.53
51.43,75.84
24.66,7.34
41.08,42.08
53.01,70.11
51.01,79.37
26.64,9.31
52.62,75.15
40.34,38.73
28.37,11.08
35.39,24.72
36.06,26.36
36.26,27.39
24.26,7.08
42.46,42.01
41.88,41.98
53.81,73.24
50.81,72.18
24.98,8.12
57.29,94.39
40.58,39.48
22.74,6.47
53.77,75.63
42.67,37.64
50.2,77.14
28.3,10.7
37.68,28.07
24.03,8.09
53.52,67.68
46.04,56.62
53.11,67.95
20.02,5.4
41.18,39.71
24.28,7.71
26.48,9.67
24.74,7.69
42.61,38.22
57.53,92.91
52.69,77.39
26.37,9.35
22.91,6.26
51.63,73.82
40.02,38.59
24.68,7.88
36.58,26.49
37.67,27.86
26.41,8.67
37.48,25.68
52.99,77.62
51.41,78.98
48.12,54.99
41.08,38.46
45.86,54.41
24.19,7.56
18.27,3.34
57.47,104.95
47.52,57.06
47.41,53.14
26.54,9.39
20.73,5.22
18.65,1.6
51.5,79.7
38.28,28.32
17.34,4.72
26.42,9.85
20.1,5.1
52.95,79.2
42.9,42.5
26.8,8.88
20.46,5.61
28.48,11.36
51.71,70.83
36.32,26.86
36.83,27.21
38.88,28.36
48.04,56.35
24.55,7.76
53.46,75.78
55.03,103.82
20.64,5.74
18.92,2.6
20.05,5.8
43.06,37.42
18.03,2.41
41.97,41.04
20.72,5.52
50.88,69.77
51.9,72.23
55.86,107.94
53.58,76.11
51.82,74.73
41.55,42.95
17.62,2.97
40.06,37.55
46.99,54.51
48.55,49.1
37.63,29.53
20.03,5.25
22.82,6.52
43.97,44.56
42.24,41.12
46.85,54.82
22.02,6.38
24.15,7.99
58.45,97.97
50.49,73.38
17.13,2.37
42.94,39.23
58.87,99.5
26.17,9.66
45.21,49.9
54.0,77.57
53.96,73.37
38.69,29.1
28.69,10.31
20.62,5.05
46.28,49.47
26.05,8.55
40.41,39.31
57.07,97.99
24.69,8.15
17.16,3.6
17.52,3.08
22.14,6.63
58.78,92.88
20.47,5.59
22.75,6.93
37.13,24.71
20.1,5.64
18.39,4.81
57.83,106.48
22.64,6.5
36.2,25.48
46.22,52.03
53.36,71.88
26.58,9.23
26.4,9.22
22.73,6.99
26.29,8.51
57.92,103.52
18.26,4.21
55.64,98.56
56.19,102.21
40.16,43.36
22.68,6.42
38.17,26.86
43.51,44.08
24.84,7.89
55.89,99.23
48.47,57.48
22.69,6.93
22.33,6.44
48.77,50.23
58.95,94.15
20.91,5.74
57.19,97.94
57.49,106.12
26.13,8.71
51.32,79.1
28.94,10.68
48.77,49.63
18.62,3.02
45.67,58.9
37.77,27.25
28.49,11.14
20.01,5.43
51.3,69.86
26.73,9.65
17.85,4.11
28.52,10.4
22.88,6.12
22.12,6.85
22.89,6.66
53.81,79.83
20.77,5.46
26.72,9.58
38.42,27.26
17.76,3.11
36.28,25.11
20.67,5.98
58.09,92.24
43.61,43.67
37.84,25.32
24.53,7.97
20.14,5.28
36.78,29.39
47.65,50.98
35.66,24.74
41.72,41.14
20.15,5.95
20.24,5.15
28.97,11.13
47.73,49.47
55.84,107.59
38.23,27.92
24.48,7.05
17.2,1.78
22.15,6.39
28.19,10.82
20.19,5.32
38.8,24.75
43.26,39.7
26.33,9.45
20.51,5.84
45.92,50.77
35.01,24.92
53.32,77.36
28.42,10.81
41.63,40.86
45.97,54.85
36.35,26.79
28.7,10.82
57.48,103.68
24.73,8.42
51.97,69.86
41.23,40.59
22.56,6.64
48.23,50.35
24.47,7.71
35.49,26.33
26.57,9.5
22.16,6.83
57.93,106.35
56.16,102.34
55.34,106.48
38.7,25.4
24.01,7.75
40.58,43.24
22.94,6.01
24.64,8.24
47.92,52.48
28.41,10.06
17.91,1.01
53.61,75.8
46.14,58.32
38.51,29.37
50.86,80.09
18.57,3.65
20.85,5.8
20.99,5.9
37.38,26.55
40.72,42.82
37.37,26.35
18.6,1.07
52.57,76.02
24.92,7.02
28.58,10.57
28.17,11.17
56.44,104.87
43.13,39.94
37.26,28.07
46.25,55.3
28.01,10.86
20.86,5.46
24.38,8.49
17.64,1.09
18.19,1.29
28.4,11.47
57.51,101.76
46.17,49.23
41.12,40.68
20.89,5.08
58.15,109.95
20.61,5.82
56.51,98.16
38.99,25.53
42.52,38.97
38.14,26.65
22.37,6.89
20.45,5.71
35.72,28.24
20.6,5.24
55.05,99.98
58.4,94.62
38.85,27.13
42.49,38.67
55.86,108.48
37.05,26.87
45.19,57.95
37.97,28.47
24.73,8.29
45.51,50.7
56.82,105.51
24.06,8.02
26.96,9.37
41.27,41.39
48.5,49.99
37.05,24.73
35.17,25.93
58.81,95.08
24.88,7.77
52.92,79.77
38.77,29.08
43.47,39.53
26.61,8.83
36.39,26.43
20.13,5.56
26.96,8.84
50.6,74.41
40.44,43.15
24.04,7.47
58.11,99.27
40.25,37.73
22.34,6.99
47.75,57.68
55.89,105.39
24.69,8.05
57.04,97.76
56.32,100.71
38.53,28.78
45.56,51.54
47.65,54.89
43.61,38.37
42.56,42.0
20.96,5.3
42.47,42.37
41.82,42.98
20.92,5.5
50.45,78.97
20.65,5.43
22.93,6.48
18.37,4.96
57.78,102.18
20.12,5.92
47.6,51.11
52.13,71.95
28.85,10.52
46.65,51.15
20.0,5.14
55.99,108.87
45.49,49.75
24.5,7.41
22.88,6.4
56.64,94.61
28.93,11.42
47.84,57.7
38.74,28.44
24.27,7.13
45.86,56.3
20.1,5.27
46.25,57.54
53.38,69.22
24.23,7.52
43.68,38.36
24.28,8.1
22.95,6.89
17.37,4.37
18.61,3.89
28.86,10.4
56.41,106.02
28.36,11.1
26.33,9.8
28.66,10.74
28.35,10.63
28.72,10.18
22.69,6.54
51.46,72.23
45.94,53.04
22.28,6.04
28.99,10.97
45.63,52.29
24.7,7.89
56.0,97.74
37.56,27.21
56.19,99.41
40.19,41.34
52.74,80.8
45.79,51.8
26.33,9.46
26.09,9.81
28.53,11.13
55.19,107.94
42.22,37.99
36.94,29.4
36.4,28.46
26.69,8.73
20.65,5.06
24.66,7.19
28.33,11.3
41.4,39.75
52.28,73.28
37.45,26.69
17.49,3.15
24.21,7.93
22.4,6.92
37.34,26.39
22.17,6.59
22.48,6.71
48.87,49.52
53.24,80.74
20.83,5.98
28.25,10.16
56.6,104.81
22.12,6.72
28.62,11.46
22.63,6.61
58.27,91.76
20.26,5.28
18.52,2.39
55.7,100.96
45.15,53.41
43.37,44.36
26.35,9.39
51.58,75.32
53.43,80.36
45.82,51.7
36.98,26.9
22.9,6.5
50.25,70.56
51.7,70.01
38.57,28.1
26.94,9.42
18.32,4.03
55.78,105.31
26.46,9.77
51.66,67.95
50.39,72.0
45.32,51.11
28.3,10.86
20.41,5.6
22.01,6.93
18.18,1.85
17.13,1.35
22.34,6.44
28.22,10.87
28.1,10.44
17.38,2.56
28.57,11.32
24.81,7.1
40.71,41.57
57.68,104.94
26.09,9.85
48.8,53.13
22.94,6.23
20.57,5.14
28.53,10.27
58.44,101.2
28.65,10.53
45.09,55.89
58.35,92.63
42.27,43.13
22.41,6.5
51.3,76.48
25.0,7.87
35.17,26.85
24.67,7.95
26.74,8.53
28.07,10.04
26.66,9.3
58.59,104.46
22.17,6.19
55.4,93.09
57.64,99.76
22.01,6.88
57.07,97.55
17.22,2.55
55.3,94.57
28.3,10.29
24.91,7.29
41.02,44.04
46.78,56.05
50.03,69.15
55.33,100.51
37.41,25.73
17.22,4.23
53.48,73.89
40.05,39.58
47.03,53.93
20.16,5.27
53.03,79.13
17.38,4.53
55.91,96.76
28.25,10.64
24.69,7.09
26.8,9.38
18.64,4.95
41.76,42.63
22.76,6.96
22.61,6.57
26.27,8.69
48.79,59.22
26.23,9.37
42.63,38.57
51.23,73.99
45.72,55.19
40.63,42.98
28.87,10.31
26.5,9.12
48.83,59.17
28.4,11.45
46.77,50.33
35.99,27.32
28.44,11.13
26.93,9.04
26.06,8.76
40.8,38.4
56.48,99.15
57.61,99.94
24.94,8.05
56.78,108.97
46.85,57.68
20.42,5.47
26.56,9.47
26.95,9.35
40.39,39.98
